"FullName","Length","LastWriteTime"
"E:\final-year-project\AutoDeliveryApp-local\.gitignore","250","6/17/2026 2:41:39 AM"
"E:\final-year-project\AutoDeliveryApp-local\build.gradle.kts","326","3/10/2026 9:53:57 AM"
"E:\final-year-project\AutoDeliveryApp-local\gradle.properties","1255","2/24/2026 7:24:52 AM"
"E:\final-year-project\AutoDeliveryApp-local\gradlew","8728","2/24/2026 7:24:52 AM"
"E:\final-year-project\AutoDeliveryApp-local\gradlew.bat","2937","2/24/2026 7:24:52 AM"
"E:\final-year-project\AutoDeliveryApp-local\local.properties","561","6/17/2026 2:41:31 AM"
"E:\final-year-project\AutoDeliveryApp-local\PROJECT_FILES_FULL.csv","0","7/1/2026 12:30:47 PM"
"E:\final-year-project\AutoDeliveryApp-local\PROJECT_TREE.txt","178338","7/1/2026 10:47:31 AM"
"E:\final-year-project\AutoDeliveryApp-local\PROJECT_TREE_FULL.txt","179296","7/1/2026 12:30:47 PM"
"E:\final-year-project\AutoDeliveryApp-local\PROJECT_TREE_SOURCE_ONLY.txt","8142","7/1/2026 12:30:47 PM"
"E:\final-year-project\AutoDeliveryApp-local\README.md","529","7/1/2026 8:27:13 AM"
"E:\final-year-project\AutoDeliveryApp-local\settings.gradle.kts","628","2/24/2026 7:24:53 AM"
"E:\final-year-project\AutoDeliveryApp-local\.gradle\9.4.1\gc.properties","0","7/1/2026 10:27:42 AM"
"E:\final-year-project\AutoDeliveryApp-local\.gradle\9.4.1\checksums\checksums.lock","17","7/1/2026 10:47:32 AM"
"E:\final-year-project\AutoDeliveryApp-local\.gradle\9.4.1\checksums\md5-checksums.bin","19297","6/30/2026 9:57:57 PM"
"E:\final-year-project\AutoDeliveryApp-local\.gradle\9.4.1\checksums\sha1-checksums.bin","21629","7/1/2026 12:26:58 AM"
"E:\final-year-project\AutoDeliveryApp-local\.gradle\9.4.1\executionHistory\executionHistory.bin","3125186","7/1/2026 10:47:32 AM"
"E:\final-year-project\AutoDeliveryApp-local\.gradle\9.4.1\executionHistory\executionHistory.lock","17","7/1/2026 10:47:32 AM"
"E:\final-year-project\AutoDeliveryApp-local\.gradle\9.4.1\fileChanges\last-build.bin","1","7/1/2026 10:47:32 AM"
"E:\final-year-project\AutoDeliveryApp-local\.gradle\9.4.1\fileHashes\fileHashes.bin","156183","7/1/2026 10:47:32 AM"
"E:\final-year-project\AutoDeliveryApp-local\.gradle\9.4.1\fileHashes\fileHashes.lock","17","7/1/2026 10:47:32 AM"
"E:\final-year-project\AutoDeliveryApp-local\.gradle\9.4.1\fileHashes\resourceHashesCache.bin","25671","7/1/2026 10:46:27 AM"
"E:\final-year-project\AutoDeliveryApp-local\.gradle\buildOutputCleanup\buildOutputCleanup.lock","17","7/1/2026 10:47:32 AM"
"E:\final-year-project\AutoDeliveryApp-local\.gradle\buildOutputCleanup\cache.properties","53","6/17/2026 2:56:25 AM"
"E:\final-year-project\AutoDeliveryApp-local\.gradle\buildOutputCleanup\outputFiles.bin","22871","7/1/2026 10:47:32 AM"
"E:\final-year-project\AutoDeliveryApp-local\.gradle\vcs-1\gc.properties","0","7/1/2026 10:27:42 AM"
"E:\final-year-project\AutoDeliveryApp-local\.idea\.gitignore","50","6/4/2026 1:53:45 AM"
"E:\final-year-project\AutoDeliveryApp-local\.idea\.name","17","6/4/2026 1:53:45 AM"
"E:\final-year-project\AutoDeliveryApp-local\.idea\AndroidProjectSystem.xml","217","6/4/2026 1:53:45 AM"
"E:\final-year-project\AutoDeliveryApp-local\.idea\appInsightsSettings.xml","1055","6/11/2026 9:26:04 AM"
"E:\final-year-project\AutoDeliveryApp-local\.idea\AutoDeliveryApp-local.iml","344","6/12/2026 7:58:18 PM"
"E:\final-year-project\AutoDeliveryApp-local\.idea\compiler.xml","174","6/4/2026 1:53:45 AM"
"E:\final-year-project\AutoDeliveryApp-local\.idea\deploymentTargetSelector.xml","633","6/26/2026 2:31:29 AM"
"E:\final-year-project\AutoDeliveryApp-local\.idea\deviceManager.xml","363","6/4/2026 12:14:32 PM"
"E:\final-year-project\AutoDeliveryApp-local\.idea\gradle.xml","639","6/6/2026 10:19:17 AM"
"E:\final-year-project\AutoDeliveryApp-local\.idea\misc.xml","409","7/1/2026 8:06:15 AM"
"E:\final-year-project\AutoDeliveryApp-local\.idea\runConfigurations.xml","980","6/4/2026 1:53:45 AM"
"E:\final-year-project\AutoDeliveryApp-local\.idea\workspace.xml","8087","7/1/2026 8:10:10 AM"
"E:\final-year-project\AutoDeliveryApp-local\.idea\caches\deviceStreaming.xml","111193","7/1/2026 12:27:56 AM"
"E:\final-year-project\AutoDeliveryApp-local\.vscode\settings.json","68","6/17/2026 2:41:44 AM"
"E:\final-year-project\AutoDeliveryApp-local\app\.gitignore","6","6/30/2026 11:47:02 PM"
"E:\final-year-project\AutoDeliveryApp-local\app\build.gradle.kts","3623","6/30/2026 9:57:28 PM"
"E:\final-year-project\AutoDeliveryApp-local\app\google-services.json","796","5/21/2026 9:00:47 PM"
"E:\final-year-project\AutoDeliveryApp-local\app\google-services.json.example","669","6/17/2026 2:41:43 AM"
"E:\final-year-project\AutoDeliveryApp-local\app\proguard-rules.pro","750","2/24/2026 7:24:53 AM"
"E:\final-year-project\AutoDeliveryApp-local\app\build\generated\data_binding_base_class_source_out\debug\out\com\example\autodeliveryapp\databinding\ActivityCreateTaskBinding.java","7165","7/1/2026 10:47:23 AM"
"E:\final-year-project\AutoDeliveryApp-local\app\build\generated\data_binding_base_class_source_out\debug\out\com\example\autodeliveryapp\databinding\ActivityForgotPasswordBinding.java","4163","7/1/2026 10:47:23 AM"
"E:\final-year-project\AutoDeliveryApp-local\app\build\generated\data_binding_base_class_source_out\debug\out\com\example\autodeliveryapp\databinding\ActivityHistoryBinding.java","2992","7/1/2026 10:47:23 AM"
"E:\final-year-project\AutoDeliveryApp-local\app\build\generated\data_binding_base_class_source_out\debug\out\com\example\autodeliveryapp\databinding\ActivityLoginBinding.java","3792","7/1/2026 10:47:23 AM"
"E:\final-year-project\AutoDeliveryApp-local\app\build\generated\data_binding_base_class_source_out\debug\out\com\example\autodeliveryapp\databinding\ActivityMainBinding.java","4223","7/1/2026 10:47:23 AM"
"E:\final-year-project\AutoDeliveryApp-local\app\build\generated\data_binding_base_class_source_out\debug\out\com\example\autodeliveryapp\databinding\ActivityNotificationBinding.java","3375","7/1/2026 10:47:23 AM"
"E:\final-year-project\AutoDeliveryApp-local\app\build\generated\data_binding_base_class_source_out\debug\out\com\example\autodeliveryapp\databinding\ActivityProfileBinding.java","3858","7/1/2026 10:47:23 AM"
"E:\final-year-project\AutoDeliveryApp-local\app\build\generated\data_binding_base_class_source_out\debug\out\com\example\autodeliveryapp\databinding\ActivityRegisterBinding.java","4397","7/1/2026 10:47:23 AM"
"E:\final-year-project\AutoDeliveryApp-local\app\build\generated\data_binding_base_class_source_out\debug\out\com\example\autodeliveryapp\databinding\ActivityTrackingBinding.java","5370","7/1/2026 10:47:23 AM"
"E:\final-year-project\AutoDeliveryApp-local\app\build\generated\data_binding_base_class_source_out\debug\out\com\example\autodeliveryapp\databinding\ItemActiveTaskBinding.java","2806","7/1/2026 10:47:23 AM"
"E:\final-year-project\AutoDeliveryApp-local\app\build\generated\data_binding_base_class_source_out\debug\out\com\example\autodeliveryapp\databinding\ItemHistoryBinding.java","3182","7/1/2026 10:47:23 AM"
"E:\final-year-project\AutoDeliveryApp-local\app\build\generated\data_binding_base_class_source_out\debug\out\com\example\autodeliveryapp\databinding\ItemNotificationBinding.java","2893","7/1/2026 10:47:23 AM"
"E:\final-year-project\AutoDeliveryApp-local\app\build\generated\res\processDebugGoogleServices\values\values.xml","819","7/1/2026 10:47:17 AM"
"E:\final-year-project\AutoDeliveryApp-local\app\build\generated\source\buildConfig\debug\com\example\autodeliveryapp\BuildConfig.java","1188","7/1/2026 10:47:20 AM"
"E:\final-year-project\AutoDeliveryApp-local\app\build\gmpAppId\debug.txt","45","7/1/2026 10:47:17 AM"
"E:\final-year-project\AutoDeliveryApp-local\app\build\intermediates\android_res_source_set_path_map\debug\mapDebugSourceSetPaths\file-map.txt","1116","7/1/2026 10:47:26 AM"
"E:\final-year-project\AutoDeliveryApp-local\app\build\intermediates\annotation_processor_list\debug\javaPreCompileDebug\annotationProcessors.json","2","7/1/2026 10:47:20 AM"
"E:\final-year-project\AutoDeliveryApp-local\app\build\intermediates\apk_ide_redirect_file\debug\createDebugApkListingFileRedirect\redirect.txt","83","7/1/2026 10:47:32 AM"
"E:\final-year-project\AutoDeliveryApp-local\app\build\intermediates\app_metadata\debug\writeDebugAppMetadata\app-metadata.properties","56","7/1/2026 10:47:27 AM"
"E:\final-year-project\AutoDeliveryApp-local\app\build\intermediates\compatible_screen_manifest\debug\createDebugCompatibleScreenManifests\output-metadata.json","203","7/1/2026 10:47:27 AM"
"E:\final-year-project\AutoDeliveryApp-local\app\build\intermediates\compile_and_runtime_r_class_jar\debug\processDebugResources\R.jar","859239","7/1/2026 10:47:29 AM"
"E:\final-year-project\AutoDeliveryApp-local\app\build\intermediates\compile_r_class_jar\debug\generateDebugRFile\R.jar","10703","7/1/2026 10:47:22 AM"
"E:\final-year-project\AutoDeliveryApp-local\app\build\intermediates\compile_symbol_list\debug\generateDebugRFile\R.txt","5356","7/1/2026 10:47:22 AM"
"E:\final-year-project\AutoDeliveryApp-local\app\build\intermediates\data_binding_base_class_log_artifact\debug\dataBindingGenBaseClassesDebug\out\com.example.autodeliveryapp-binding_classes.json","5868","7/1/2026 10:47:23 AM"
"E:\final-year-project\AutoDeliveryApp-local\app\build\intermediates\data_binding_layout_info_type_merge\debug\mergeDebugResources\out\activity_create_task-layout.xml","3024","7/1/2026 10:47:19 AM"
"E:\final-year-project\AutoDeliveryApp-local\app\build\intermediates\data_binding_layout_info_type_merge\debug\mergeDebugResources\out\activity_forgot_password-layout.xml","1519","7/1/2026 10:47:19 AM"
"E:\final-year-project\AutoDeliveryApp-local\app\build\intermediates\data_binding_layout_info_type_merge\debug\mergeDebugResources\out\activity_history-layout.xml","1047","7/1/2026 10:47:19 AM"
"E:\final-year-project\AutoDeliveryApp-local\app\build\intermediates\data_binding_layout_info_type_merge\debug\mergeDebugResources\out\activity_login-layout.xml","1392","7/1/2026 10:47:19 AM"
"E:\final-year-project\AutoDeliveryApp-local\app\build\intermediates\data_binding_layout_info_type_merge\debug\mergeDebugResources\out\activity_main-layout.xml","1633","7/1/2026 10:47:19 AM"
"E:\final-year-project\AutoDeliveryApp-local\app\build\intermediates\data_binding_layout_info_type_merge\debug\mergeDebugResources\out\activity_notification-layout.xml","1204","7/1/2026 10:47:19 AM"
"E:\final-year-project\AutoDeliveryApp-local\app\build\intermediates\data_binding_layout_info_type_merge\debug\mergeDebugResources\out\activity_profile-layout.xml","1467","7/1/2026 10:47:19 AM"
"E:\final-year-project\AutoDeliveryApp-local\app\build\intermediates\data_binding_layout_info_type_merge\debug\mergeDebugResources\out\activity_register-layout.xml","1764","7/1/2026 10:47:19 AM"
"E:\final-year-project\AutoDeliveryApp-local\app\build\intermediates\data_binding_layout_info_type_merge\debug\mergeDebugResources\out\activity_tracking-layout.xml","2116","7/1/2026 10:47:19 AM"
"E:\final-year-project\AutoDeliveryApp-local\app\build\intermediates\data_binding_layout_info_type_merge\debug\mergeDebugResources\out\item_active_task-layout.xml","927","7/1/2026 10:47:19 AM"
"E:\final-year-project\AutoDeliveryApp-local\app\build\intermediates\data_binding_layout_info_type_merge\debug\mergeDebugResources\out\item_history-layout.xml","1168","7/1/2026 10:47:19 AM"
"E:\final-year-project\AutoDeliveryApp-local\app\build\intermediates\data_binding_layout_info_type_merge\debug\mergeDebugResources\out\item_notification-layout.xml","1041","7/1/2026 10:47:19 AM"
"E:\final-year-project\AutoDeliveryApp-local\app\build\intermediates\data_binding_layout_info_type_package\debug\packageDebugResources\out\activity_create_task-layout.xml","3024","7/1/2026 10:47:20 AM"
"E:\final-year-project\AutoDeliveryApp-local\app\build\intermediates\data_binding_layout_info_type_package\debug\packageDebugResources\out\activity_forgot_password-layout.xml","1519","7/1/2026 10:47:20 AM"
"E:\final-year-project\AutoDeliveryApp-local\app\build\intermediates\data_binding_layout_info_type_package\debug\packageDebugResources\out\activity_history-layout.xml","1047","7/1/2026 10:47:20 AM"
"E:\final-year-project\AutoDeliveryApp-local\app\build\intermediates\data_binding_layout_info_type_package\debug\packageDebugResources\out\activity_login-layout.xml","1392","7/1/2026 10:47:20 AM"
"E:\final-year-project\AutoDeliveryApp-local\app\build\intermediates\data_binding_layout_info_type_package\debug\packageDebugResources\out\activity_main-layout.xml","1633","7/1/2026 10:47:20 AM"
"E:\final-year-project\AutoDeliveryApp-local\app\build\intermediates\data_binding_layout_info_type_package\debug\packageDebugResources\out\activity_notification-layout.xml","1204","7/1/2026 10:47:20 AM"
"E:\final-year-project\AutoDeliveryApp-local\app\build\intermediates\data_binding_layout_info_type_package\debug\packageDebugResources\out\activity_profile-layout.xml","1467","7/1/2026 10:47:20 AM"
"E:\final-year-project\AutoDeliveryApp-local\app\build\intermediates\data_binding_layout_info_type_package\debug\packageDebugResources\out\activity_register-layout.xml","1764","7/1/2026 10:47:20 AM"
"E:\final-year-project\AutoDeliveryApp-local\app\build\intermediates\data_binding_layout_info_type_package\debug\packageDebugResources\out\activity_tracking-layout.xml","2116","7/1/2026 10:47:20 AM"
"E:\final-year-project\AutoDeliveryApp-local\app\build\intermediates\data_binding_layout_info_type_package\debug\packageDebugResources\out\item_active_task-layout.xml","927","7/1/2026 10:47:20 AM"
"E:\final-year-project\AutoDeliveryApp-local\app\build\intermediates\data_binding_layout_info_type_package\debug\packageDebugResources\out\item_history-layout.xml","1168","7/1/2026 10:47:20 AM"
"E:\final-year-project\AutoDeliveryApp-local\app\build\intermediates\data_binding_layout_info_type_package\debug\packageDebugResources\out\item_notification-layout.xml","1041","7/1/2026 10:47:20 AM"
"E:\final-year-project\AutoDeliveryApp-local\app\build\intermediates\desugar_graph\debug\dexBuilderDebug\out\currentProject\dirs_bucket_0\graph.bin","1206","7/1/2026 10:47:30 AM"
"E:\final-year-project\AutoDeliveryApp-local\app\build\intermediates\desugar_graph\debug\dexBuilderDebug\out\currentProject\dirs_bucket_1\graph.bin","771","7/1/2026 10:47:30 AM"
"E:\final-year-project\AutoDeliveryApp-local\app\build\intermediates\desugar_graph\debug\dexBuilderDebug\out\currentProject\dirs_bucket_2\graph.bin","4152","7/1/2026 10:47:30 AM"
"E:\final-year-project\AutoDeliveryApp-local\app\build\intermediates\desugar_graph\debug\dexBuilderDebug\out\currentProject\dirs_bucket_3\graph.bin","2499","7/1/2026 10:47:30 AM"
"E:\final-year-project\AutoDeliveryApp-local\app\build\intermediates\desugar_graph\debug\dexBuilderDebug\out\currentProject\dirs_bucket_4\graph.bin","2494","7/1/2026 10:47:30 AM"
"E:\final-year-project\AutoDeliveryApp-local\app\build\intermediates\desugar_graph\debug\dexBuilderDebug\out\currentProject\dirs_bucket_5\graph.bin","1674","7/1/2026 10:47:30 AM"
"E:\final-year-project\AutoDeliveryApp-local\app\build\intermediates\desugar_graph\debug\dexBuilderDebug\out\currentProject\dirs_bucket_6\graph.bin","1646","7/1/2026 10:47:30 AM"
"E:\final-year-project\AutoDeliveryApp-local\app\build\intermediates\desugar_graph\debug\dexBuilderDebug\out\currentProject\dirs_bucket_7\graph.bin","2422","7/1/2026 10:47:30 AM"
"E:\final-year-project\AutoDeliveryApp-local\app\build\intermediates\desugar_graph\debug\dexBuilderDebug\out\currentProject\jar_79af2a064abec147ef46d5a7b7f4f31614b9e7fa651dc5c267f90211c28d5a1a_bucket_0\graph.bin","235","7/1/2026 10:47:30 AM"
"E:\final-year-project\AutoDeliveryApp-local\app\build\intermediates\desugar_graph\debug\dexBuilderDebug\out\currentProject\jar_79af2a064abec147ef46d5a7b7f4f31614b9e7fa651dc5c267f90211c28d5a1a_bucket_1\graph.bin","235","7/1/2026 10:47:30 AM"
"E:\final-year-project\AutoDeliveryApp-local\app\build\intermediates\desugar_graph\debug\dexBuilderDebug\out\currentProject\jar_79af2a064abec147ef46d5a7b7f4f31614b9e7fa651dc5c267f90211c28d5a1a_bucket_2\graph.bin","235","7/1/2026 10:47:30 AM"
"E:\final-year-project\AutoDeliveryApp-local\app\build\intermediates\desugar_graph\debug\dexBuilderDebug\out\currentProject\jar_79af2a064abec147ef46d5a7b7f4f31614b9e7fa651dc5c267f90211c28d5a1a_bucket_3\graph.bin","235","7/1/2026 10:47:29 AM"
"E:\final-year-project\AutoDeliveryApp-local\app\build\intermediates\desugar_graph\debug\dexBuilderDebug\out\currentProject\jar_79af2a064abec147ef46d5a7b7f4f31614b9e7fa651dc5c267f90211c28d5a1a_bucket_4\graph.bin","235","7/1/2026 10:47:29 AM"
"E:\final-year-project\AutoDeliveryApp-local\app\build\intermediates\desugar_graph\debug\dexBuilderDebug\out\currentProject\jar_79af2a064abec147ef46d5a7b7f4f31614b9e7fa651dc5c267f90211c28d5a1a_bucket_5\graph.bin","235","7/1/2026 10:47:30 AM"
"E:\final-year-project\AutoDeliveryApp-local\app\build\intermediates\desugar_graph\debug\dexBuilderDebug\out\currentProject\jar_79af2a064abec147ef46d5a7b7f4f31614b9e7fa651dc5c267f90211c28d5a1a_bucket_6\graph.bin","235","7/1/2026 10:47:30 AM"
"E:\final-year-project\AutoDeliveryApp-local\app\build\intermediates\desugar_graph\debug\dexBuilderDebug\out\currentProject\jar_79af2a064abec147ef46d5a7b7f4f31614b9e7fa651dc5c267f90211c28d5a1a_bucket_7\graph.bin","235","7/1/2026 10:47:30 AM"
"E:\final-year-project\AutoDeliveryApp-local\app\build\intermediates\desugar_graph\debug\dexBuilderDebug\out\externalLibs\dirs_bucket_0\graph.bin","235","7/1/2026 10:47:30 AM"
"E:\final-year-project\AutoDeliveryApp-local\app\build\intermediates\desugar_graph\debug\dexBuilderDebug\out\externalLibs\dirs_bucket_1\graph.bin","235","7/1/2026 10:47:30 AM"
"E:\final-year-project\AutoDeliveryApp-local\app\build\intermediates\desugar_graph\debug\dexBuilderDebug\out\externalLibs\dirs_bucket_2\graph.bin","235","7/1/2026 10:47:30 AM"
"E:\final-year-project\AutoDeliveryApp-local\app\build\intermediates\desugar_graph\debug\dexBuilderDebug\out\externalLibs\dirs_bucket_3\graph.bin","235","7/1/2026 10:47:30 AM"
"E:\final-year-project\AutoDeliveryApp-local\app\build\intermediates\desugar_graph\debug\dexBuilderDebug\out\externalLibs\dirs_bucket_4\graph.bin","235","7/1/2026 10:47:30 AM"
"E:\final-year-project\AutoDeliveryApp-local\app\build\intermediates\desugar_graph\debug\dexBuilderDebug\out\externalLibs\dirs_bucket_5\graph.bin","235","7/1/2026 10:47:30 AM"
"E:\final-year-project\AutoDeliveryApp-local\app\build\intermediates\desugar_graph\debug\dexBuilderDebug\out\externalLibs\dirs_bucket_6\graph.bin","235","7/1/2026 10:47:30 AM"
"E:\final-year-project\AutoDeliveryApp-local\app\build\intermediates\desugar_graph\debug\dexBuilderDebug\out\externalLibs\dirs_bucket_7\graph.bin","235","7/1/2026 10:47:30 AM"
"E:\final-year-project\AutoDeliveryApp-local\app\build\intermediates\desugar_graph\debug\dexBuilderDebug\out\mixedScopes\dirs_bucket_0\graph.bin","235","7/1/2026 10:47:30 AM"
"E:\final-year-project\AutoDeliveryApp-local\app\build\intermediates\desugar_graph\debug\dexBuilderDebug\out\mixedScopes\dirs_bucket_1\graph.bin","235","7/1/2026 10:47:30 AM"
"E:\final-year-project\AutoDeliveryApp-local\app\build\intermediates\desugar_graph\debug\dexBuilderDebug\out\mixedScopes\dirs_bucket_2\graph.bin","235","7/1/2026 10:47:30 AM"
"E:\final-year-project\AutoDeliveryApp-local\app\build\intermediates\desugar_graph\debug\dexBuilderDebug\out\mixedScopes\dirs_bucket_3\graph.bin","235","7/1/2026 10:47:30 AM"
"E:\final-year-project\AutoDeliveryApp-local\app\build\intermediates\desugar_graph\debug\dexBuilderDebug\out\mixedScopes\dirs_bucket_4\graph.bin","235","7/1/2026 10:47:30 AM"
"E:\final-year-project\AutoDeliveryApp-local\app\build\intermediates\desugar_graph\debug\dexBuilderDebug\out\mixedScopes\dirs_bucket_5\graph.bin","235","7/1/2026 10:47:30 AM"
"E:\final-year-project\AutoDeliveryApp-local\app\build\intermediates\desugar_graph\debug\dexBuilderDebug\out\mixedScopes\dirs_bucket_6\graph.bin","235","7/1/2026 10:47:30 AM"
"E:\final-year-project\AutoDeliveryApp-local\app\build\intermediates\desugar_graph\debug\dexBuilderDebug\out\mixedScopes\dirs_bucket_7\graph.bin","235","7/1/2026 10:47:30 AM"
"E:\final-year-project\AutoDeliveryApp-local\app\build\intermediates\desugar_graph\debug\dexBuilderDebug\out\otherProjects\dirs_bucket_0\graph.bin","235","7/1/2026 10:47:29 AM"
"E:\final-year-project\AutoDeliveryApp-local\app\build\intermediates\desugar_graph\debug\dexBuilderDebug\out\otherProjects\dirs_bucket_1\graph.bin","235","7/1/2026 10:47:29 AM"
"E:\final-year-project\AutoDeliveryApp-local\app\build\intermediates\desugar_graph\debug\dexBuilderDebug\out\otherProjects\dirs_bucket_2\graph.bin","235","7/1/2026 10:47:29 AM"
"E:\final-year-project\AutoDeliveryApp-local\app\build\intermediates\desugar_graph\debug\dexBuilderDebug\out\otherProjects\dirs_bucket_3\graph.bin","235","7/1/2026 10:47:29 AM"
"E:\final-year-project\AutoDeliveryApp-local\app\build\intermediates\desugar_graph\debug\dexBuilderDebug\out\otherProjects\dirs_bucket_4\graph.bin","235","7/1/2026 10:47:30 AM"
"E:\final-year-project\AutoDeliveryApp-local\app\build\intermediates\desugar_graph\debug\dexBuilderDebug\out\otherProjects\dirs_bucket_5\graph.bin","235","7/1/2026 10:47:30 AM"
"E:\final-year-project\AutoDeliveryApp-local\app\build\intermediates\desugar_graph\debug\dexBuilderDebug\out\otherProjects\dirs_bucket_6\graph.bin","235","7/1/2026 10:47:30 AM"
"E:\final-year-project\AutoDeliveryApp-local\app\build\intermediates\desugar_graph\debug\dexBuilderDebug\out\otherProjects\dirs_bucket_7\graph.bin","235","7/1/2026 10:47:30 AM"
"E:\final-year-project\AutoDeliveryApp-local\app\build\intermediates\dex\debug\mergeExtDexDebug\classes.dex","10577960","7/1/2026 10:47:31 AM"
"E:\final-year-project\AutoDeliveryApp-local\app\build\intermediates\dex\debug\mergeExtDexDebug\classes2.dex","10327448","7/1/2026 10:47:31 AM"
"E:\final-year-project\AutoDeliveryApp-local\app\build\intermediates\dex\debug\mergeExtDexDebug\classes3.dex","2254624","7/1/2026 10:47:30 AM"
"E:\final-year-project\AutoDeliveryApp-local\app\build\intermediates\dex\debug\mergeProjectDexDebug\0\classes.dex","574280","7/1/2026 10:47:31 AM"
"E:\final-year-project\AutoDeliveryApp-local\app\build\intermediates\dex\debug\mergeProjectDexDebug\11\classes.dex","104800","7/1/2026 10:47:31 AM"
"E:\final-year-project\AutoDeliveryApp-local\app\build\intermediates\dex\debug\mergeProjectDexDebug\15\classes.dex","12352","7/1/2026 10:47:31 AM"
"E:\final-year-project\AutoDeliveryApp-local\app\build\intermediates\dex\debug\mergeProjectDexDebug\2\classes.dex","16424","7/1/2026 10:47:31 AM"
"E:\final-year-project\AutoDeliveryApp-local\app\build\intermediates\dex\debug\mergeProjectDexDebug\3\classes.dex","9480","7/1/2026 10:47:31 AM"
"E:\final-year-project\AutoDeliveryApp-local\app\build\intermediates\dex\debug\mergeProjectDexDebug\5\classes.dex","2080","7/1/2026 10:47:31 AM"
"E:\final-year-project\AutoDeliveryApp-local\app\build\intermediates\dex\debug\mergeProjectDexDebug\7\classes.dex","29064","7/1/2026 10:47:31 AM"
"E:\final-year-project\AutoDeliveryApp-local\app\build\intermediates\dex\debug\mergeProjectDexDebug\8\classes.dex","2804","7/1/2026 10:47:31 AM"
"E:\final-year-project\AutoDeliveryApp-local\app\build\intermediates\dex_archive_input_jar_hashes\debug\dexBuilderDebug\out","400","7/1/2026 10:47:29 AM"
"E:\final-year-project\AutoDeliveryApp-local\app\build\intermediates\dex_number_of_buckets_file\debug\dexBuilderDebug\out","1","7/1/2026 10:47:29 AM"
"E:\final-year-project\AutoDeliveryApp-local\app\build\intermediates\global_synthetics_dex\debug\generateDebugGlobalSynthetics\classes.dex","121780","7/1/2026 10:47:22 AM"
"E:\final-year-project\AutoDeliveryApp-local\app\build\intermediates\incremental\dataBindingGenBaseClassesDebug\base_builder_log.json","6262","7/1/2026 10:47:23 AM"
"E:\final-year-project\AutoDeliveryApp-local\app\build\intermediates\incremental\debug\mergeDebugResources\compile-file-map.properties","6675","7/1/2026 10:47:19 AM"
"E:\final-year-project\AutoDeliveryApp-local\app\build\intermediates\incremental\debug\mergeDebugResources\merger.xml","2486855","7/1/2026 10:47:19 AM"
"E:\final-year-project\AutoDeliveryApp-local\app\build\intermediates\incremental\debug\mergeDebugResources\merged.dir\values\values.xml","994359","7/1/2026 10:47:18 AM"
"E:\final-year-project\AutoDeliveryApp-local\app\build\intermediates\incremental\debug\mergeDebugResources\merged.dir\values-af\values-af.xml","12779","7/1/2026 10:47:18 AM"
"E:\final-year-project\AutoDeliveryApp-local\app\build\intermediates\incremental\debug\mergeDebugResources\merged.dir\values-am\values-am.xml","14434","7/1/2026 10:47:18 AM"
"E:\final-year-project\AutoDeliveryApp-local\app\build\intermediates\incremental\debug\mergeDebugResources\merged.dir\values-ar\values-ar.xml","14780","7/1/2026 10:47:18 AM"
"E:\final-year-project\AutoDeliveryApp-local\app\build\intermediates\incremental\debug\mergeDebugResources\merged.dir\values-as\values-as.xml","14693","7/1/2026 10:47:18 AM"
"E:\final-year-project\AutoDeliveryApp-local\app\build\intermediates\incremental\debug\mergeDebugResources\merged.dir\values-az\values-az.xml","13260","7/1/2026 10:47:18 AM"
"E:\final-year-project\AutoDeliveryApp-local\app\build\intermediates\incremental\debug\mergeDebugResources\merged.dir\values-b+es+419\values-b+es+419.xml","6847","7/1/2026 10:47:19 AM"
"E:\final-year-project\AutoDeliveryApp-local\app\build\intermediates\incremental\debug\mergeDebugResources\merged.dir\values-b+sr+Latn\values-b+sr+Latn.xml","13096","7/1/2026 10:47:18 AM"
"E:\final-year-project\AutoDeliveryApp-local\app\build\intermediates\incremental\debug\mergeDebugResources\merged.dir\values-be\values-be.xml","15459","7/1/2026 10:47:18 AM"
"E:\final-year-project\AutoDeliveryApp-local\app\build\intermediates\incremental\debug\mergeDebugResources\merged.dir\values-bg\values-bg.xml","16435","7/1/2026 10:47:18 AM"
"E:\final-year-project\AutoDeliveryApp-local\app\build\intermediates\incremental\debug\mergeDebugResources\merged.dir\values-bn\values-bn.xml","16634","7/1/2026 10:47:18 AM"
"E:\final-year-project\AutoDeliveryApp-local\app\build\intermediates\incremental\debug\mergeDebugResources\merged.dir\values-bs\values-bs.xml","13168","7/1/2026 10:47:18 AM"
"E:\final-year-project\AutoDeliveryApp-local\app\build\intermediates\incremental\debug\mergeDebugResources\merged.dir\values-ca\values-ca.xml","14168","7/1/2026 10:47:18 AM"
"E:\final-year-project\AutoDeliveryApp-local\app\build\intermediates\incremental\debug\mergeDebugResources\merged.dir\values-cs\values-cs.xml","14219","7/1/2026 10:47:19 AM"
"E:\final-year-project\AutoDeliveryApp-local\app\build\intermediates\incremental\debug\mergeDebugResources\merged.dir\values-da\values-da.xml","12839","7/1/2026 10:47:19 AM"
"E:\final-year-project\AutoDeliveryApp-local\app\build\intermediates\incremental\debug\mergeDebugResources\merged.dir\values-de\values-de.xml","13266","7/1/2026 10:47:19 AM"
"E:\final-year-project\AutoDeliveryApp-local\app\build\intermediates\incremental\debug\mergeDebugResources\merged.dir\values-el\values-el.xml","15792","7/1/2026 10:47:19 AM"
"E:\final-year-project\AutoDeliveryApp-local\app\build\intermediates\incremental\debug\mergeDebugResources\merged.dir\values-en-rAU\values-en-rAU.xml","4078","7/1/2026 10:47:19 AM"
"E:\final-year-project\AutoDeliveryApp-local\app\build\intermediates\incremental\debug\mergeDebugResources\merged.dir\values-en-rCA\values-en-rCA.xml","4077","7/1/2026 10:47:18 AM"
"E:\final-year-project\AutoDeliveryApp-local\app\build\intermediates\incremental\debug\mergeDebugResources\merged.dir\values-en-rGB\values-en-rGB.xml","12656","7/1/2026 10:47:19 AM"
"E:\final-year-project\AutoDeliveryApp-local\app\build\intermediates\incremental\debug\mergeDebugResources\merged.dir\values-en-rIN\values-en-rIN.xml","4078","7/1/2026 10:47:19 AM"
"E:\final-year-project\AutoDeliveryApp-local\app\build\intermediates\incremental\debug\mergeDebugResources\merged.dir\values-en-rXC\values-en-rXC.xml","16347","7/1/2026 10:47:19 AM"
"E:\final-year-project\AutoDeliveryApp-local\app\build\intermediates\incremental\debug\mergeDebugResources\merged.dir\values-es\values-es.xml","14355","7/1/2026 10:47:19 AM"
"E:\final-year-project\AutoDeliveryApp-local\app\build\intermediates\incremental\debug\mergeDebugResources\merged.dir\values-es-rUS\values-es-rUS.xml","13321","7/1/2026 10:47:18 AM"
"E:\final-year-project\AutoDeliveryApp-local\app\build\intermediates\incremental\debug\mergeDebugResources\merged.dir\values-et\values-et.xml","13015","7/1/2026 10:47:19 AM"
"E:\final-year-project\AutoDeliveryApp-local\app\build\intermediates\incremental\debug\mergeDebugResources\merged.dir\values-eu\values-eu.xml","13157","7/1/2026 10:47:19 AM"
"E:\final-year-project\AutoDeliveryApp-local\app\build\intermediates\incremental\debug\mergeDebugResources\merged.dir\values-fa\values-fa.xml","14539","7/1/2026 10:47:19 AM"
"E:\final-year-project\AutoDeliveryApp-local\app\build\intermediates\incremental\debug\mergeDebugResources\merged.dir\values-fi\values-fi.xml","12921","7/1/2026 10:47:19 AM"
"E:\final-year-project\AutoDeliveryApp-local\app\build\intermediates\incremental\debug\mergeDebugResources\merged.dir\values-fr\values-fr.xml","14511","7/1/2026 10:47:19 AM"
"E:\final-year-project\AutoDeliveryApp-local\app\build\intermediates\incremental\debug\mergeDebugResources\merged.dir\values-fr-rCA\values-fr-rCA.xml","13528","7/1/2026 10:47:19 AM"
"E:\final-year-project\AutoDeliveryApp-local\app\build\intermediates\incremental\debug\mergeDebugResources\merged.dir\values-gl\values-gl.xml","14333","7/1/2026 10:47:19 AM"
"E:\final-year-project\AutoDeliveryApp-local\app\build\intermediates\incremental\debug\mergeDebugResources\merged.dir\values-gu\values-gu.xml","16284","7/1/2026 10:47:19 AM"
"E:\final-year-project\AutoDeliveryApp-local\app\build\intermediates\incremental\debug\mergeDebugResources\merged.dir\values-h320dp-port-v13\values-h320dp-port-v13.xml","127","7/1/2026 10:47:18 AM"
"E:\final-year-project\AutoDeliveryApp-local\app\build\intermediates\incremental\debug\mergeDebugResources\merged.dir\values-h360dp-land-v13\values-h360dp-land-v13.xml","624","7/1/2026 10:47:18 AM"
"E:\final-year-project\AutoDeliveryApp-local\app\build\intermediates\incremental\debug\mergeDebugResources\merged.dir\values-h480dp-land-v13\values-h480dp-land-v13.xml","624","7/1/2026 10:47:18 AM"
"E:\final-year-project\AutoDeliveryApp-local\app\build\intermediates\incremental\debug\mergeDebugResources\merged.dir\values-h480dp-v13\values-h480dp-v13.xml","348","7/1/2026 10:47:18 AM"
"E:\final-year-project\AutoDeliveryApp-local\app\build\intermediates\incremental\debug\mergeDebugResources\merged.dir\values-h550dp-port-v13\values-h550dp-port-v13.xml","128","7/1/2026 10:47:19 AM"
"E:\final-year-project\AutoDeliveryApp-local\app\build\intermediates\incremental\debug\mergeDebugResources\merged.dir\values-h720dp-v13\values-h720dp-v13.xml","130","7/1/2026 10:47:19 AM"
"E:\final-year-project\AutoDeliveryApp-local\app\build\intermediates\incremental\debug\mergeDebugResources\merged.dir\values-hdpi-v4\values-hdpi-v4.xml","340","7/1/2026 10:47:19 AM"
"E:\final-year-project\AutoDeliveryApp-local\app\build\intermediates\incremental\debug\mergeDebugResources\merged.dir\values-he\values-he.xml","1154","7/1/2026 10:47:19 AM"
"E:\final-year-project\AutoDeliveryApp-local\app\build\intermediates\incremental\debug\mergeDebugResources\merged.dir\values-hi\values-hi.xml","16697","7/1/2026 10:47:18 AM"
"E:\final-year-project\AutoDeliveryApp-local\app\build\intermediates\incremental\debug\mergeDebugResources\merged.dir\values-hr\values-hr.xml","13147","7/1/2026 10:47:18 AM"
"E:\final-year-project\AutoDeliveryApp-local\app\build\intermediates\incremental\debug\mergeDebugResources\merged.dir\values-hu\values-hu.xml","14232","7/1/2026 10:47:18 AM"
"E:\final-year-project\AutoDeliveryApp-local\app\build\intermediates\incremental\debug\mergeDebugResources\merged.dir\values-hy\values-hy.xml","15183","7/1/2026 10:47:18 AM"
"E:\final-year-project\AutoDeliveryApp-local\app\build\intermediates\incremental\debug\mergeDebugResources\merged.dir\values-in\values-in.xml","12871","7/1/2026 10:47:18 AM"
"E:\final-year-project\AutoDeliveryApp-local\app\build\intermediates\incremental\debug\mergeDebugResources\merged.dir\values-is\values-is.xml","12893","7/1/2026 10:47:18 AM"
"E:\final-year-project\AutoDeliveryApp-local\app\build\intermediates\incremental\debug\mergeDebugResources\merged.dir\values-it\values-it.xml","13173","7/1/2026 10:47:18 AM"
"E:\final-year-project\AutoDeliveryApp-local\app\build\intermediates\incremental\debug\mergeDebugResources\merged.dir\values-iw\values-iw.xml","14991","7/1/2026 10:47:18 AM"
"E:\final-year-project\AutoDeliveryApp-local\app\build\intermediates\incremental\debug\mergeDebugResources\merged.dir\values-ja\values-ja.xml","13599","7/1/2026 10:47:18 AM"
"E:\final-year-project\AutoDeliveryApp-local\app\build\intermediates\incremental\debug\mergeDebugResources\merged.dir\values-ka\values-ka.xml","16845","7/1/2026 10:47:18 AM"
"E:\final-year-project\AutoDeliveryApp-local\app\build\intermediates\incremental\debug\mergeDebugResources\merged.dir\values-kk\values-kk.xml","14806","7/1/2026 10:47:18 AM"
"E:\final-year-project\AutoDeliveryApp-local\app\build\intermediates\incremental\debug\mergeDebugResources\merged.dir\values-km\values-km.xml","17220","7/1/2026 10:47:18 AM"
"E:\final-year-project\AutoDeliveryApp-local\app\build\intermediates\incremental\debug\mergeDebugResources\merged.dir\values-kn\values-kn.xml","17437","7/1/2026 10:47:18 AM"
"E:\final-year-project\AutoDeliveryApp-local\app\build\intermediates\incremental\debug\mergeDebugResources\merged.dir\values-ko\values-ko.xml","14233","7/1/2026 10:47:19 AM"
"E:\final-year-project\AutoDeliveryApp-local\app\build\intermediates\incremental\debug\mergeDebugResources\merged.dir\values-ky\values-ky.xml","15047","7/1/2026 10:47:19 AM"
"E:\final-year-project\AutoDeliveryApp-local\app\build\intermediates\incremental\debug\mergeDebugResources\merged.dir\values-land\values-land.xml","2664","7/1/2026 10:47:19 AM"
"E:\final-year-project\AutoDeliveryApp-local\app\build\intermediates\incremental\debug\mergeDebugResources\merged.dir\values-large-v4\values-large-v4.xml","1246","7/1/2026 10:47:19 AM"
"E:\final-year-project\AutoDeliveryApp-local\app\build\intermediates\incremental\debug\mergeDebugResources\merged.dir\values-ldltr-v21\values-ldltr-v21.xml","176","7/1/2026 10:47:18 AM"
"E:\final-year-project\AutoDeliveryApp-local\app\build\intermediates\incremental\debug\mergeDebugResources\merged.dir\values-ldrtl-v17\values-ldrtl-v17.xml","340","7/1/2026 10:47:19 AM"
"E:\final-year-project\AutoDeliveryApp-local\app\build\intermediates\incremental\debug\mergeDebugResources\merged.dir\values-lo\values-lo.xml","16716","7/1/2026 10:47:19 AM"
"E:\final-year-project\AutoDeliveryApp-local\app\build\intermediates\incremental\debug\mergeDebugResources\merged.dir\values-lt\values-lt.xml","14451","7/1/2026 10:47:19 AM"
"E:\final-year-project\AutoDeliveryApp-local\app\build\intermediates\incremental\debug\mergeDebugResources\merged.dir\values-lv\values-lv.xml","13646","7/1/2026 10:47:19 AM"
"E:\final-year-project\AutoDeliveryApp-local\app\build\intermediates\incremental\debug\mergeDebugResources\merged.dir\values-mk\values-mk.xml","15142","7/1/2026 10:47:19 AM"
"E:\final-year-project\AutoDeliveryApp-local\app\build\intermediates\incremental\debug\mergeDebugResources\merged.dir\values-ml\values-ml.xml","18287","7/1/2026 10:47:19 AM"
"E:\final-year-project\AutoDeliveryApp-local\app\build\intermediates\incremental\debug\mergeDebugResources\merged.dir\values-mn\values-mn.xml","14955","7/1/2026 10:47:19 AM"
"E:\final-year-project\AutoDeliveryApp-local\app\build\intermediates\incremental\debug\mergeDebugResources\merged.dir\values-mr\values-mr.xml","16339","7/1/2026 10:47:19 AM"
"E:\final-year-project\AutoDeliveryApp-local\app\build\intermediates\incremental\debug\mergeDebugResources\merged.dir\values-ms\values-ms.xml","13086","7/1/2026 10:47:19 AM"
"E:\final-year-project\AutoDeliveryApp-local\app\build\intermediates\incremental\debug\mergeDebugResources\merged.dir\values-my\values-my.xml","18058","7/1/2026 10:47:19 AM"
"E:\final-year-project\AutoDeliveryApp-local\app\build\intermediates\incremental\debug\mergeDebugResources\merged.dir\values-nb\values-nb.xml","12727","7/1/2026 10:47:19 AM"
"E:\final-year-project\AutoDeliveryApp-local\app\build\intermediates\incremental\debug\mergeDebugResources\merged.dir\values-ne\values-ne.xml","17344","7/1/2026 10:47:19 AM"
"E:\final-year-project\AutoDeliveryApp-local\app\build\intermediates\incremental\debug\mergeDebugResources\merged.dir\values-night-v8\values-night-v8.xml","4874","7/1/2026 10:47:19 AM"
"E:\final-year-project\AutoDeliveryApp-local\app\build\intermediates\incremental\debug\mergeDebugResources\merged.dir\values-nl\values-nl.xml","13897","7/1/2026 10:47:19 AM"
"E:\final-year-project\AutoDeliveryApp-local\app\build\intermediates\incremental\debug\mergeDebugResources\merged.dir\values-or\values-or.xml","15165","7/1/2026 10:47:19 AM"
"E:\final-year-project\AutoDeliveryApp-local\app\build\intermediates\incremental\debug\mergeDebugResources\merged.dir\values-pa\values-pa.xml","16280","7/1/2026 10:47:19 AM"
"E:\final-year-project\AutoDeliveryApp-local\app\build\intermediates\incremental\debug\mergeDebugResources\merged.dir\values-pl\values-pl.xml","14292","7/1/2026 10:47:19 AM"
"E:\final-year-project\AutoDeliveryApp-local\app\build\intermediates\incremental\debug\mergeDebugResources\merged.dir\values-port\values-port.xml","119","7/1/2026 10:47:19 AM"
"E:\final-year-project\AutoDeliveryApp-local\app\build\intermediates\incremental\debug\mergeDebugResources\merged.dir\values-pt\values-pt.xml","4222","7/1/2026 10:47:18 AM"
"E:\final-year-project\AutoDeliveryApp-local\app\build\intermediates\incremental\debug\mergeDebugResources\merged.dir\values-pt-rBR\values-pt-rBR.xml","13242","7/1/2026 10:47:19 AM"
"E:\final-year-project\AutoDeliveryApp-local\app\build\intermediates\incremental\debug\mergeDebugResources\merged.dir\values-pt-rPT\values-pt-rPT.xml","14301","7/1/2026 10:47:18 AM"
"E:\final-year-project\AutoDeliveryApp-local\app\build\intermediates\incremental\debug\mergeDebugResources\merged.dir\values-ro\values-ro.xml","13348","7/1/2026 10:47:18 AM"
"E:\final-year-project\AutoDeliveryApp-local\app\build\intermediates\incremental\debug\mergeDebugResources\merged.dir\values-ru\values-ru.xml","16573","7/1/2026 10:47:18 AM"
"E:\final-year-project\AutoDeliveryApp-local\app\build\intermediates\incremental\debug\mergeDebugResources\merged.dir\values-si\values-si.xml","16427","7/1/2026 10:47:18 AM"
"E:\final-year-project\AutoDeliveryApp-local\app\build\intermediates\incremental\debug\mergeDebugResources\merged.dir\values-sk\values-sk.xml","13372","7/1/2026 10:47:18 AM"
"E:\final-year-project\AutoDeliveryApp-local\app\build\intermediates\incremental\debug\mergeDebugResources\merged.dir\values-sl\values-sl.xml","13195","7/1/2026 10:47:18 AM"
"E:\final-year-project\AutoDeliveryApp-local\app\build\intermediates\incremental\debug\mergeDebugResources\merged.dir\values-sq\values-sq.xml","13298","7/1/2026 10:47:18 AM"
"E:\final-year-project\AutoDeliveryApp-local\app\build\intermediates\incremental\debug\mergeDebugResources\merged.dir\values-sr\values-sr.xml","14866","7/1/2026 10:47:18 AM"
"E:\final-year-project\AutoDeliveryApp-local\app\build\intermediates\incremental\debug\mergeDebugResources\merged.dir\values-sv\values-sv.xml","13819","7/1/2026 10:47:18 AM"
"E:\final-year-project\AutoDeliveryApp-local\app\build\intermediates\incremental\debug\mergeDebugResources\merged.dir\values-sw\values-sw.xml","13136","7/1/2026 10:47:19 AM"
"E:\final-year-project\AutoDeliveryApp-local\app\build\intermediates\incremental\debug\mergeDebugResources\merged.dir\values-sw600dp-v13\values-sw600dp-v13.xml","1531","7/1/2026 10:47:18 AM"
"E:\final-year-project\AutoDeliveryApp-local\app\build\intermediates\incremental\debug\mergeDebugResources\merged.dir\values-ta\values-ta.xml","17986","7/1/2026 10:47:19 AM"
"E:\final-year-project\AutoDeliveryApp-local\app\build\intermediates\incremental\debug\mergeDebugResources\merged.dir\values-te\values-te.xml","17380","7/1/2026 10:47:19 AM"
"E:\final-year-project\AutoDeliveryApp-local\app\build\intermediates\incremental\debug\mergeDebugResources\merged.dir\values-th\values-th.xml","16234","7/1/2026 10:47:19 AM"
"E:\final-year-project\AutoDeliveryApp-local\app\build\intermediates\incremental\debug\mergeDebugResources\merged.dir\values-tl\values-tl.xml","13365","7/1/2026 10:47:19 AM"
"E:\final-year-project\AutoDeliveryApp-local\app\build\intermediates\incremental\debug\mergeDebugResources\merged.dir\values-tr\values-tr.xml","13071","7/1/2026 10:47:19 AM"
"E:\final-year-project\AutoDeliveryApp-local\app\build\intermediates\incremental\debug\mergeDebugResources\merged.dir\values-uk\values-uk.xml","16518","7/1/2026 10:47:19 AM"
"E:\final-year-project\AutoDeliveryApp-local\app\build\intermediates\incremental\debug\mergeDebugResources\merged.dir\values-ur\values-ur.xml","14749","7/1/2026 10:47:19 AM"
"E:\final-year-project\AutoDeliveryApp-local\app\build\intermediates\incremental\debug\mergeDebugResources\merged.dir\values-uz\values-uz.xml","13074","7/1/2026 10:47:19 AM"
"E:\final-year-project\AutoDeliveryApp-local\app\build\intermediates\incremental\debug\mergeDebugResources\merged.dir\values-v16\values-v16.xml","236","7/1/2026 10:47:18 AM"
"E:\final-year-project\AutoDeliveryApp-local\app\build\intermediates\incremental\debug\mergeDebugResources\merged.dir\values-v17\values-v17.xml","3553","7/1/2026 10:47:18 AM"
"E:\final-year-project\AutoDeliveryApp-local\app\build\intermediates\incremental\debug\mergeDebugResources\merged.dir\values-v18\values-v18.xml","112","7/1/2026 10:47:18 AM"
"E:\final-year-project\AutoDeliveryApp-local\app\build\intermediates\incremental\debug\mergeDebugResources\merged.dir\values-v21\values-v21.xml","20069","7/1/2026 10:47:18 AM"
"E:\final-year-project\AutoDeliveryApp-local\app\build\intermediates\incremental\debug\mergeDebugResources\merged.dir\values-v22\values-v22.xml","777","7/1/2026 10:47:18 AM"
"E:\final-year-project\AutoDeliveryApp-local\app\build\intermediates\incremental\debug\mergeDebugResources\merged.dir\values-v23\values-v23.xml","5476","7/1/2026 10:47:18 AM"
"E:\final-year-project\AutoDeliveryApp-local\app\build\intermediates\incremental\debug\mergeDebugResources\merged.dir\values-v24\values-v24.xml","1555","7/1/2026 10:47:18 AM"
"E:\final-year-project\AutoDeliveryApp-local\app\build\intermediates\incremental\debug\mergeDebugResources\merged.dir\values-v25\values-v25.xml","427","7/1/2026 10:47:18 AM"
"E:\final-year-project\AutoDeliveryApp-local\app\build\intermediates\incremental\debug\mergeDebugResources\merged.dir\values-v26\values-v26.xml","897","7/1/2026 10:47:18 AM"
"E:\final-year-project\AutoDeliveryApp-local\app\build\intermediates\incremental\debug\mergeDebugResources\merged.dir\values-v28\values-v28.xml","1970","7/1/2026 10:47:18 AM"
"E:\final-year-project\AutoDeliveryApp-local\app\build\intermediates\incremental\debug\mergeDebugResources\merged.dir\values-v31\values-v31.xml","44215","7/1/2026 10:47:18 AM"
"E:\final-year-project\AutoDeliveryApp-local\app\build\intermediates\incremental\debug\mergeDebugResources\merged.dir\values-v34\values-v34.xml","9779","7/1/2026 10:47:18 AM"
"E:\final-year-project\AutoDeliveryApp-local\app\build\intermediates\incremental\debug\mergeDebugResources\merged.dir\values-v35\values-v35.xml","457","7/1/2026 10:47:18 AM"
"E:\final-year-project\AutoDeliveryApp-local\app\build\intermediates\incremental\debug\mergeDebugResources\merged.dir\values-vi\values-vi.xml","14798","7/1/2026 10:47:19 AM"
"E:\final-year-project\AutoDeliveryApp-local\app\build\intermediates\incremental\debug\mergeDebugResources\merged.dir\values-w320dp-land-v13\values-w320dp-land-v13.xml","180","7/1/2026 10:47:18 AM"
"E:\final-year-project\AutoDeliveryApp-local\app\build\intermediates\incremental\debug\mergeDebugResources\merged.dir\values-w360dp-port-v13\values-w360dp-port-v13.xml","555","7/1/2026 10:47:18 AM"
"E:\final-year-project\AutoDeliveryApp-local\app\build\intermediates\incremental\debug\mergeDebugResources\merged.dir\values-w400dp-port-v13\values-w400dp-port-v13.xml","555","7/1/2026 10:47:19 AM"
"E:\final-year-project\AutoDeliveryApp-local\app\build\intermediates\incremental\debug\mergeDebugResources\merged.dir\values-w600dp-land-v13\values-w600dp-land-v13.xml","118","7/1/2026 10:47:19 AM"
"E:\final-year-project\AutoDeliveryApp-local\app\build\intermediates\incremental\debug\mergeDebugResources\merged.dir\values-watch-v20\values-watch-v20.xml","566","7/1/2026 10:47:18 AM"
"E:\final-year-project\AutoDeliveryApp-local\app\build\intermediates\incremental\debug\mergeDebugResources\merged.dir\values-watch-v21\values-watch-v21.xml","737","7/1/2026 10:47:18 AM"
"E:\final-year-project\AutoDeliveryApp-local\app\build\intermediates\incremental\debug\mergeDebugResources\merged.dir\values-xlarge-v4\values-xlarge-v4.xml","481","7/1/2026 10:47:19 AM"
"E:\final-year-project\AutoDeliveryApp-local\app\build\intermediates\incremental\debug\mergeDebugResources\merged.dir\values-zh-rCN\values-zh-rCN.xml","13619","7/1/2026 10:47:19 AM"
"E:\final-year-project\AutoDeliveryApp-local\app\build\intermediates\incremental\debug\mergeDebugResources\merged.dir\values-zh-rHK\values-zh-rHK.xml","13655","7/1/2026 10:47:18 AM"
"E:\final-year-project\AutoDeliveryApp-local\app\build\intermediates\incremental\debug\mergeDebugResources\merged.dir\values-zh-rTW\values-zh-rTW.xml","13654","7/1/2026 10:47:19 AM"
"E:\final-year-project\AutoDeliveryApp-local\app\build\intermediates\incremental\debug\mergeDebugResources\merged.dir\values-zu\values-zu.xml","13202","7/1/2026 10:47:18 AM"
"E:\final-year-project\AutoDeliveryApp-local\app\build\intermediates\incremental\debug\mergeDebugResources\stripped.dir\layout\activity_create_task.xml","13763","7/1/2026 10:45:04 AM"
"E:\final-year-project\AutoDeliveryApp-local\app\build\intermediates\incremental\debug\mergeDebugResources\stripped.dir\layout\activity_forgot_password.xml","4334","7/1/2026 10:15:14 AM"
"E:\final-year-project\AutoDeliveryApp-local\app\build\intermediates\incremental\debug\mergeDebugResources\stripped.dir\layout\activity_history.xml","2174","7/1/2026 12:42:09 AM"
"E:\final-year-project\AutoDeliveryApp-local\app\build\intermediates\incremental\debug\mergeDebugResources\stripped.dir\layout\activity_login.xml","4645","7/1/2026 10:15:14 AM"
"E:\final-year-project\AutoDeliveryApp-local\app\build\intermediates\incremental\debug\mergeDebugResources\stripped.dir\layout\activity_main.xml","9653","7/1/2026 10:15:14 AM"
"E:\final-year-project\AutoDeliveryApp-local\app\build\intermediates\incremental\debug\mergeDebugResources\stripped.dir\layout\activity_notification.xml","2551","7/1/2026 12:42:09 AM"
"E:\final-year-project\AutoDeliveryApp-local\app\build\intermediates\incremental\debug\mergeDebugResources\stripped.dir\layout\activity_profile.xml","7372","7/1/2026 10:45:21 AM"
"E:\final-year-project\AutoDeliveryApp-local\app\build\intermediates\incremental\debug\mergeDebugResources\stripped.dir\layout\activity_register.xml","5656","7/1/2026 12:42:09 AM"
"E:\final-year-project\AutoDeliveryApp-local\app\build\intermediates\incremental\debug\mergeDebugResources\stripped.dir\layout\activity_tracking.xml","14424","7/1/2026 10:15:14 AM"
"E:\final-year-project\AutoDeliveryApp-local\app\build\intermediates\incremental\debug\mergeDebugResources\stripped.dir\layout\item_active_task.xml","3116","7/1/2026 10:15:14 AM"
"E:\final-year-project\AutoDeliveryApp-local\app\build\intermediates\incremental\debug\mergeDebugResources\stripped.dir\layout\item_history.xml","3336","7/1/2026 8:25:56 AM"
"E:\final-year-project\AutoDeliveryApp-local\app\build\intermediates\incremental\debug\mergeDebugResources\stripped.dir\layout\item_notification.xml","2340","7/1/2026 10:15:14 AM"
"E:\final-year-project\AutoDeliveryApp-local\app\build\intermediates\incremental\debug\packageDebugResources\compile-file-map.properties","6675","7/1/2026 10:47:20 AM"
"E:\final-year-project\AutoDeliveryApp-local\app\build\intermediates\incremental\debug\packageDebugResources\merger.xml","13482","7/1/2026 10:47:20 AM"
"E:\final-year-project\AutoDeliveryApp-local\app\build\intermediates\incremental\debug\packageDebugResources\merged.dir\values\values.xml","6055","7/1/2026 10:47:19 AM"
"E:\final-year-project\AutoDeliveryApp-local\app\build\intermediates\incremental\debug\packageDebugResources\merged.dir\values-night-v8\values-night-v8.xml","264","7/1/2026 10:47:19 AM"
"E:\final-year-project\AutoDeliveryApp-local\app\build\intermediates\incremental\debug\packageDebugResources\stripped.dir\layout\activity_create_task.xml","13763","7/1/2026 10:45:04 AM"
"E:\final-year-project\AutoDeliveryApp-local\app\build\intermediates\incremental\debug\packageDebugResources\stripped.dir\layout\activity_forgot_password.xml","4334","7/1/2026 10:15:14 AM"
"E:\final-year-project\AutoDeliveryApp-local\app\build\intermediates\incremental\debug\packageDebugResources\stripped.dir\layout\activity_history.xml","2174","7/1/2026 12:42:09 AM"
"E:\final-year-project\AutoDeliveryApp-local\app\build\intermediates\incremental\debug\packageDebugResources\stripped.dir\layout\activity_login.xml","4645","7/1/2026 10:15:14 AM"
"E:\final-year-project\AutoDeliveryApp-local\app\build\intermediates\incremental\debug\packageDebugResources\stripped.dir\layout\activity_main.xml","9653","7/1/2026 10:15:14 AM"
"E:\final-year-project\AutoDeliveryApp-local\app\build\intermediates\incremental\debug\packageDebugResources\stripped.dir\layout\activity_notification.xml","2551","7/1/2026 12:42:09 AM"
"E:\final-year-project\AutoDeliveryApp-local\app\build\intermediates\incremental\debug\packageDebugResources\stripped.dir\layout\activity_profile.xml","7372","7/1/2026 10:45:21 AM"
"E:\final-year-project\AutoDeliveryApp-local\app\build\intermediates\incremental\debug\packageDebugResources\stripped.dir\layout\activity_register.xml","5656","7/1/2026 12:42:09 AM"
"E:\final-year-project\AutoDeliveryApp-local\app\build\intermediates\incremental\debug\packageDebugResources\stripped.dir\layout\activity_tracking.xml","14424","7/1/2026 10:15:14 AM"
"E:\final-year-project\AutoDeliveryApp-local\app\build\intermediates\incremental\debug\packageDebugResources\stripped.dir\layout\item_active_task.xml","3116","7/1/2026 10:15:14 AM"
"E:\final-year-project\AutoDeliveryApp-local\app\build\intermediates\incremental\debug\packageDebugResources\stripped.dir\layout\item_history.xml","3336","7/1/2026 8:25:56 AM"
"E:\final-year-project\AutoDeliveryApp-local\app\build\intermediates\incremental\debug\packageDebugResources\stripped.dir\layout\item_notification.xml","2340","7/1/2026 10:15:14 AM"
"E:\final-year-project\AutoDeliveryApp-local\app\build\intermediates\incremental\debug-mergeJavaRes\merge-state","17150","7/1/2026 10:47:28 AM"
"E:\final-year-project\AutoDeliveryApp-local\app\build\intermediates\incremental\debug-mergeJavaRes\zip-cache\+d2mAL16DDGqOxxrpzmrvA==","483","7/1/2026 10:47:28 AM"
"E:\final-year-project\AutoDeliveryApp-local\app\build\intermediates\incremental\debug-mergeJavaRes\zip-cache\+kg8+VWw4OR9ERoULiBQsQ==","9459","7/1/2026 10:47:28 AM"
"E:\final-year-project\AutoDeliveryApp-local\app\build\intermediates\incremental\debug-mergeJavaRes\zip-cache\+SV56k+tQbU8reD2lVKLeQ==","1913","7/1/2026 10:47:28 AM"
"E:\final-year-project\AutoDeliveryApp-local\app\build\intermediates\incremental\debug-mergeJavaRes\zip-cache\+XCXelHd25F54pwfYsU7lg==","1590","7/1/2026 10:47:28 AM"
"E:\final-year-project\AutoDeliveryApp-local\app\build\intermediates\incremental\debug-mergeJavaRes\zip-cache\115Us29Oi7_Db7QAEulGSQ==","19223","7/1/2026 10:47:28 AM"
"E:\final-year-project\AutoDeliveryApp-local\app\build\intermediates\incremental\debug-mergeJavaRes\zip-cache\1gllQjB_I17KPOrKx6hh3Q==","214","7/1/2026 10:47:28 AM"
"E:\final-year-project\AutoDeliveryApp-local\app\build\intermediates\incremental\debug-mergeJavaRes\zip-cache\1tP4iIKZPIpP60QxTyN8Xw==","87205","7/1/2026 10:47:28 AM"
"E:\final-year-project\AutoDeliveryApp-local\app\build\intermediates\incremental\debug-mergeJavaRes\zip-cache\267NWKAJeTcXdMapSjfWvw==","394","7/1/2026 10:47:28 AM"
"E:\final-year-project\AutoDeliveryApp-local\app\build\intermediates\incremental\debug-mergeJavaRes\zip-cache\3+1TjrVKyOhmWmuDKg6hQQ==","133707","7/1/2026 10:47:28 AM"
"E:\final-year-project\AutoDeliveryApp-local\app\build\intermediates\incremental\debug-mergeJavaRes\zip-cache\3A+86K1wRQTlhfVOvRG9eg==","7116","7/1/2026 10:47:28 AM"
"E:\final-year-project\AutoDeliveryApp-local\app\build\intermediates\incremental\debug-mergeJavaRes\zip-cache\3IQTnQDsg3gZVTTuWA+vyA==","20526","7/1/2026 10:47:28 AM"
"E:\final-year-project\AutoDeliveryApp-local\app\build\intermediates\incremental\debug-mergeJavaRes\zip-cache\4kfp46Fbgs9Z0gGSlRDftg==","4621","7/1/2026 10:47:28 AM"
"E:\final-year-project\AutoDeliveryApp-local\app\build\intermediates\incremental\debug-mergeJavaRes\zip-cache\5abOO1OwtMV0JxW89q+EpA==","3288","7/1/2026 10:47:28 AM"
"E:\final-year-project\AutoDeliveryApp-local\app\build\intermediates\incremental\debug-mergeJavaRes\zip-cache\5_0dq77H0PyEhgIQ7wXuGg==","2567","7/1/2026 10:47:28 AM"
"E:\final-year-project\AutoDeliveryApp-local\app\build\intermediates\incremental\debug-mergeJavaRes\zip-cache\6m7p1cVN6u3OYSFOxaVuhw==","896","7/1/2026 10:47:28 AM"
"E:\final-year-project\AutoDeliveryApp-local\app\build\intermediates\incremental\debug-mergeJavaRes\zip-cache\6Ob36ZfmBwGlwtfuJF_u4A==","13637","7/1/2026 10:47:28 AM"
"E:\final-year-project\AutoDeliveryApp-local\app\build\intermediates\incremental\debug-mergeJavaRes\zip-cache\6q_CM8IY7vHDjWssLLqwdQ==","605","7/1/2026 10:47:28 AM"
"E:\final-year-project\AutoDeliveryApp-local\app\build\intermediates\incremental\debug-mergeJavaRes\zip-cache\7Bo0wSXWwZGXu5zNi9KieQ==","2451","7/1/2026 10:47:28 AM"
"E:\final-year-project\AutoDeliveryApp-local\app\build\intermediates\incremental\debug-mergeJavaRes\zip-cache\7chZT0+WZ+UPYh6cxRxS1Q==","3737","7/1/2026 10:47:28 AM"
"E:\final-year-project\AutoDeliveryApp-local\app\build\intermediates\incremental\debug-mergeJavaRes\zip-cache\7GvVHMeCstWOoNoI+qzzig==","6262","7/1/2026 10:47:28 AM"
"E:\final-year-project\AutoDeliveryApp-local\app\build\intermediates\incremental\debug-mergeJavaRes\zip-cache\9eJ6xUOyqVpvbHEhP3c3lg==","1668","7/1/2026 10:47:28 AM"
"E:\final-year-project\AutoDeliveryApp-local\app\build\intermediates\incremental\debug-mergeJavaRes\zip-cache\9vbWpheLPAhhvBbpWZqPhA==","195154","7/1/2026 10:47:28 AM"
"E:\final-year-project\AutoDeliveryApp-local\app\build\intermediates\incremental\debug-mergeJavaRes\zip-cache\AL+XqQmTkR+FE4XI_reb5w==","5304","7/1/2026 10:47:28 AM"
"E:\final-year-project\AutoDeliveryApp-local\app\build\intermediates\incremental\debug-mergeJavaRes\zip-cache\aR80dDdyb84ZxP+Uyu8I+Q==","6852","7/1/2026 10:47:28 AM"
"E:\final-year-project\AutoDeliveryApp-local\app\build\intermediates\incremental\debug-mergeJavaRes\zip-cache\AstmpJvEb3JJJfTeblopWg==","586","7/1/2026 10:47:28 AM"
"E:\final-year-project\AutoDeliveryApp-local\app\build\intermediates\incremental\debug-mergeJavaRes\zip-cache\AuhwvexekDqBc6eZ0Su5dw==","60711","7/1/2026 10:47:28 AM"
"E:\final-year-project\AutoDeliveryApp-local\app\build\intermediates\incremental\debug-mergeJavaRes\zip-cache\av6pN89yQUrHDcqajJPxEg==","7776","7/1/2026 10:47:28 AM"
"E:\final-year-project\AutoDeliveryApp-local\app\build\intermediates\incremental\debug-mergeJavaRes\zip-cache\AZM1r1289x4aNN3zuPCrgw==","400","7/1/2026 10:47:28 AM"
"E:\final-year-project\AutoDeliveryApp-local\app\build\intermediates\incremental\debug-mergeJavaRes\zip-cache\Bo4F57IvfsiyH2BjMJKf0g==","36626","7/1/2026 10:47:28 AM"
"E:\final-year-project\AutoDeliveryApp-local\app\build\intermediates\incremental\debug-mergeJavaRes\zip-cache\BoavErUnEk2chv1PzWROzw==","215","7/1/2026 10:47:28 AM"
"E:\final-year-project\AutoDeliveryApp-local\app\build\intermediates\incremental\debug-mergeJavaRes\zip-cache\BtxFn2_VG2ShDo6pxYoQ0Q==","5442","7/1/2026 10:47:28 AM"
"E:\final-year-project\AutoDeliveryApp-local\app\build\intermediates\incremental\debug-mergeJavaRes\zip-cache\bz9aBp0AiOGThud989nr+A==","1704","7/1/2026 10:47:28 AM"
"E:\final-year-project\AutoDeliveryApp-local\app\build\intermediates\incremental\debug-mergeJavaRes\zip-cache\bzbGHRfU4W4tsSwgbmVhXg==","4795","7/1/2026 10:47:28 AM"
"E:\final-year-project\AutoDeliveryApp-local\app\build\intermediates\incremental\debug-mergeJavaRes\zip-cache\cfcba1h79OuBVunfDtdBXg==","1081","7/1/2026 10:47:28 AM"
"E:\final-year-project\AutoDeliveryApp-local\app\build\intermediates\incremental\debug-mergeJavaRes\zip-cache\CogORUej0ZmpOO49ejoGdQ==","34619","7/1/2026 10:47:28 AM"
"E:\final-year-project\AutoDeliveryApp-local\app\build\intermediates\incremental\debug-mergeJavaRes\zip-cache\DAwKTSsZZL6YxNYK2yOHWw==","66705","7/1/2026 10:47:28 AM"
"E:\final-year-project\AutoDeliveryApp-local\app\build\intermediates\incremental\debug-mergeJavaRes\zip-cache\DIFJtkAmwSafcDYyiuWRmw==","10922","7/1/2026 10:47:28 AM"
"E:\final-year-project\AutoDeliveryApp-local\app\build\intermediates\incremental\debug-mergeJavaRes\zip-cache\DLBzpOUpatGfw1rM+SECTg==","5177","7/1/2026 10:47:28 AM"
"E:\final-year-project\AutoDeliveryApp-local\app\build\intermediates\incremental\debug-mergeJavaRes\zip-cache\DO0xHmPEXli_1kNaJSGc9g==","25914","7/1/2026 10:47:28 AM"
"E:\final-year-project\AutoDeliveryApp-local\app\build\intermediates\incremental\debug-mergeJavaRes\zip-cache\DPPoNGJQwtzONFsVzDwPcw==","2599","7/1/2026 10:47:28 AM"
"E:\final-year-project\AutoDeliveryApp-local\app\build\intermediates\incremental\debug-mergeJavaRes\zip-cache\ebRW7eDIXcGdx2axuOk9yg==","140122","7/1/2026 10:47:28 AM"
"E:\final-year-project\AutoDeliveryApp-local\app\build\intermediates\incremental\debug-mergeJavaRes\zip-cache\eN_uTeZ7+3SfjvUg+nBhwA==","226389","7/1/2026 10:47:28 AM"
"E:\final-year-project\AutoDeliveryApp-local\app\build\intermediates\incremental\debug-mergeJavaRes\zip-cache\eVnrsN73TPef0h+TPj7waQ==","1128","7/1/2026 10:47:28 AM"
"E:\final-year-project\AutoDeliveryApp-local\app\build\intermediates\incremental\debug-mergeJavaRes\zip-cache\F8X65d7uF99bbpPok3bK2g==","1182","7/1/2026 10:47:28 AM"
"E:\final-year-project\AutoDeliveryApp-local\app\build\intermediates\incremental\debug-mergeJavaRes\zip-cache\FAlEQekphyX+OGhwii0eEA==","608","7/1/2026 10:47:28 AM"
"E:\final-year-project\AutoDeliveryApp-local\app\build\intermediates\incremental\debug-mergeJavaRes\zip-cache\fQ0EiiL8YDmfjQHyocc8zg==","11768","7/1/2026 10:47:28 AM"
"E:\final-year-project\AutoDeliveryApp-local\app\build\intermediates\incremental\debug-mergeJavaRes\zip-cache\FRLLAh6LKxlA7NsA3wFNeg==","19699","7/1/2026 10:47:28 AM"
"E:\final-year-project\AutoDeliveryApp-local\app\build\intermediates\incremental\debug-mergeJavaRes\zip-cache\Fwz1mlbwnBRNpuRwcbcZFg==","9218","7/1/2026 10:47:28 AM"
"E:\final-year-project\AutoDeliveryApp-local\app\build\intermediates\incremental\debug-mergeJavaRes\zip-cache\G2S9E_Nra55PztmqGgiZdw==","433","7/1/2026 10:47:28 AM"
"E:\final-year-project\AutoDeliveryApp-local\app\build\intermediates\incremental\debug-mergeJavaRes\zip-cache\h5g2vw0rC+J9HDPHHd6qSQ==","70293","7/1/2026 10:47:28 AM"
"E:\final-year-project\AutoDeliveryApp-local\app\build\intermediates\incremental\debug-mergeJavaRes\zip-cache\hDk+BgIQ2RA3SKdsqX8QTA==","58279","7/1/2026 10:47:28 AM"
"E:\final-year-project\AutoDeliveryApp-local\app\build\intermediates\incremental\debug-mergeJavaRes\zip-cache\heUtYE4XgFMCleo8sGdYkA==","6757","7/1/2026 10:47:28 AM"
"E:\final-year-project\AutoDeliveryApp-local\app\build\intermediates\incremental\debug-mergeJavaRes\zip-cache\hrrkBlUhiybUF_AmbCLhJw==","6820","7/1/2026 10:47:28 AM"
"E:\final-year-project\AutoDeliveryApp-local\app\build\intermediates\incremental\debug-mergeJavaRes\zip-cache\hu30Sof6rhMhsToFTHk5xQ==","1964","7/1/2026 10:47:28 AM"
"E:\final-year-project\AutoDeliveryApp-local\app\build\intermediates\incremental\debug-mergeJavaRes\zip-cache\ijqd2t9CBnM3M9rh9tG6UA==","327667","7/1/2026 10:47:28 AM"
"E:\final-year-project\AutoDeliveryApp-local\app\build\intermediates\incremental\debug-mergeJavaRes\zip-cache\ipGikTIFWm8Pk5tKzCai1Q==","2090","7/1/2026 10:47:28 AM"
"E:\final-year-project\AutoDeliveryApp-local\app\build\intermediates\incremental\debug-mergeJavaRes\zip-cache\IRw2AK6Y_yYMTC71uE5e7Q==","4734","7/1/2026 10:47:28 AM"
"E:\final-year-project\AutoDeliveryApp-local\app\build\intermediates\incremental\debug-mergeJavaRes\zip-cache\IX5xavECq3LdxsY+hiQegQ==","41851","7/1/2026 10:47:28 AM"
"E:\final-year-project\AutoDeliveryApp-local\app\build\intermediates\incremental\debug-mergeJavaRes\zip-cache\izsezTyIFf+2lWt4PWxF8w==","2690","7/1/2026 10:47:28 AM"
"E:\final-year-project\AutoDeliveryApp-local\app\build\intermediates\incremental\debug-mergeJavaRes\zip-cache\J8yF7dxZGvntnTGrA0tcAA==","2915","7/1/2026 10:47:28 AM"
"E:\final-year-project\AutoDeliveryApp-local\app\build\intermediates\incremental\debug-mergeJavaRes\zip-cache\jeUfR+Pj6CwUpSuTQumx3A==","937","7/1/2026 10:47:28 AM"
"E:\final-year-project\AutoDeliveryApp-local\app\build\intermediates\incremental\debug-mergeJavaRes\zip-cache\jfAOjYXFeuyOHuFIBIvo6Q==","6480","7/1/2026 10:47:28 AM"
"E:\final-year-project\AutoDeliveryApp-local\app\build\intermediates\incremental\debug-mergeJavaRes\zip-cache\JLNTwW+T_KWmsMRzVUu7nQ==","51019","7/1/2026 10:47:28 AM"
"E:\final-year-project\AutoDeliveryApp-local\app\build\intermediates\incremental\debug-mergeJavaRes\zip-cache\JSFwbqC3yq5nbfWYl_BMag==","1682","7/1/2026 10:47:28 AM"
"E:\final-year-project\AutoDeliveryApp-local\app\build\intermediates\incremental\debug-mergeJavaRes\zip-cache\jT9pfR3VH_LFdSOJqOObew==","28800","7/1/2026 10:47:28 AM"
"E:\final-year-project\AutoDeliveryApp-local\app\build\intermediates\incremental\debug-mergeJavaRes\zip-cache\k3SdJ3ZOK09FM3GxzJ3wvg==","1114","7/1/2026 10:47:28 AM"
"E:\final-year-project\AutoDeliveryApp-local\app\build\intermediates\incremental\debug-mergeJavaRes\zip-cache\K5NWTVokKvBXjEQYxQVSRw==","1270","7/1/2026 10:47:28 AM"
"E:\final-year-project\AutoDeliveryApp-local\app\build\intermediates\incremental\debug-mergeJavaRes\zip-cache\M0xtSBLuacdRONHbMK+TMg==","627","7/1/2026 10:47:28 AM"
"E:\final-year-project\AutoDeliveryApp-local\app\build\intermediates\incremental\debug-mergeJavaRes\zip-cache\mFBW9sr4uG21mrgRwCx51A==","1154","7/1/2026 10:47:28 AM"
"E:\final-year-project\AutoDeliveryApp-local\app\build\intermediates\incremental\debug-mergeJavaRes\zip-cache\mg5QtWRvVfUkUOTLGBkadw==","2330","7/1/2026 10:47:28 AM"
"E:\final-year-project\AutoDeliveryApp-local\app\build\intermediates\incremental\debug-mergeJavaRes\zip-cache\mOOzupgS8MoXz9RQH5ht6A==","203480","7/1/2026 10:47:28 AM"
"E:\final-year-project\AutoDeliveryApp-local\app\build\intermediates\incremental\debug-mergeJavaRes\zip-cache\NAB9n5RacXKiSxBKQJgvCQ==","6636","7/1/2026 10:47:28 AM"
"E:\final-year-project\AutoDeliveryApp-local\app\build\intermediates\incremental\debug-mergeJavaRes\zip-cache\NlVwhodFXKhNL7zmpVgnhQ==","9890","7/1/2026 10:47:28 AM"
"E:\final-year-project\AutoDeliveryApp-local\app\build\intermediates\incremental\debug-mergeJavaRes\zip-cache\nOdRJAvuyd38QWXpQkKZ6A==","42936","7/1/2026 10:47:28 AM"
"E:\final-year-project\AutoDeliveryApp-local\app\build\intermediates\incremental\debug-mergeJavaRes\zip-cache\ocVcwNpo6vfi7TrQRo0VyQ==","777","7/1/2026 10:47:28 AM"
"E:\final-year-project\AutoDeliveryApp-local\app\build\intermediates\incremental\debug-mergeJavaRes\zip-cache\oeu7Jv_maZvFluLA9padlw==","14101","7/1/2026 10:47:28 AM"
"E:\final-year-project\AutoDeliveryApp-local\app\build\intermediates\incremental\debug-mergeJavaRes\zip-cache\OJ5KITCfMpQI9y_xU8ixVA==","6067","7/1/2026 10:47:28 AM"
"E:\final-year-project\AutoDeliveryApp-local\app\build\intermediates\incremental\debug-mergeJavaRes\zip-cache\oNf2HC6YcJzmLtId29cGCw==","685","7/1/2026 10:47:28 AM"
"E:\final-year-project\AutoDeliveryApp-local\app\build\intermediates\incremental\debug-mergeJavaRes\zip-cache\ous5cFwffFdsF0uBJm9lHw==","322","7/1/2026 10:47:28 AM"
"E:\final-year-project\AutoDeliveryApp-local\app\build\intermediates\incremental\debug-mergeJavaRes\zip-cache\owwAl3hF6pe+93WDDQfyWw==","1972","7/1/2026 10:47:28 AM"
"E:\final-year-project\AutoDeliveryApp-local\app\build\intermediates\incremental\debug-mergeJavaRes\zip-cache\OzUR2bERSw1mYWfhxQjodg==","33089","7/1/2026 10:47:28 AM"
"E:\final-year-project\AutoDeliveryApp-local\app\build\intermediates\incremental\debug-mergeJavaRes\zip-cache\pwmwcDKHx5HEmtgBFHwJhw==","1013","7/1/2026 10:47:28 AM"
"E:\final-year-project\AutoDeliveryApp-local\app\build\intermediates\incremental\debug-mergeJavaRes\zip-cache\qa9K9OtLukyQHNVLVkIU4A==","2686","7/1/2026 10:47:28 AM"
"E:\final-year-project\AutoDeliveryApp-local\app\build\intermediates\incremental\debug-mergeJavaRes\zip-cache\qv1JLYYIqOE6+5qsI9BT+w==","982","7/1/2026 10:47:28 AM"
"E:\final-year-project\AutoDeliveryApp-local\app\build\intermediates\incremental\debug-mergeJavaRes\zip-cache\QZjVA79gG9qBIAitTPCjjA==","599","7/1/2026 10:47:28 AM"
"E:\final-year-project\AutoDeliveryApp-local\app\build\intermediates\incremental\debug-mergeJavaRes\zip-cache\r0+MwfdYPxGPhDNcPrXuWQ==","5972","7/1/2026 10:47:28 AM"
"E:\final-year-project\AutoDeliveryApp-local\app\build\intermediates\incremental\debug-mergeJavaRes\zip-cache\r4spH3PQOxIHotUBLFn1aQ==","8111","7/1/2026 10:47:28 AM"
"E:\final-year-project\AutoDeliveryApp-local\app\build\intermediates\incremental\debug-mergeJavaRes\zip-cache\riEmXLuloAG0TT9GgcmrRA==","30619","7/1/2026 10:47:28 AM"
"E:\final-year-project\AutoDeliveryApp-local\app\build\intermediates\incremental\debug-mergeJavaRes\zip-cache\RN5LqLiPCk7zAZtjmlenOg==","4411","7/1/2026 10:47:28 AM"
"E:\final-year-project\AutoDeliveryApp-local\app\build\intermediates\incremental\debug-mergeJavaRes\zip-cache\rRI55AyVMO37GOrfdv9xhQ==","930","7/1/2026 10:47:28 AM"
"E:\final-year-project\AutoDeliveryApp-local\app\build\intermediates\incremental\debug-mergeJavaRes\zip-cache\s9fT195pv1agL9eUNfLXSA==","3555","7/1/2026 10:47:28 AM"
"E:\final-year-project\AutoDeliveryApp-local\app\build\intermediates\incremental\debug-mergeJavaRes\zip-cache\sOmkzeQndd+ANKpdrZZBRg==","60017","7/1/2026 10:47:28 AM"
"E:\final-year-project\AutoDeliveryApp-local\app\build\intermediates\incremental\debug-mergeJavaRes\zip-cache\sRbKwfpAjd8jSJFUbNAQMA==","92799","7/1/2026 10:47:28 AM"
"E:\final-year-project\AutoDeliveryApp-local\app\build\intermediates\incremental\debug-mergeJavaRes\zip-cache\SWE7BUkX4Phhq+kXgnFymg==","862","7/1/2026 10:47:28 AM"
"E:\final-year-project\AutoDeliveryApp-local\app\build\intermediates\incremental\debug-mergeJavaRes\zip-cache\TJIItct4XUtEIrGZ6qcDeg==","46663","7/1/2026 10:47:28 AM"
"E:\final-year-project\AutoDeliveryApp-local\app\build\intermediates\incremental\debug-mergeJavaRes\zip-cache\TlhZ9fArEYxM1vtJ86cq2Q==","592","7/1/2026 10:47:28 AM"
"E:\final-year-project\AutoDeliveryApp-local\app\build\intermediates\incremental\debug-mergeJavaRes\zip-cache\TTgwmBLUHMyFYGJFe0EHWA==","7880","7/1/2026 10:47:28 AM"
"E:\final-year-project\AutoDeliveryApp-local\app\build\intermediates\incremental\debug-mergeJavaRes\zip-cache\uIk+ueRJbtl3mYSjM1tSXg==","3872","7/1/2026 10:47:28 AM"
"E:\final-year-project\AutoDeliveryApp-local\app\build\intermediates\incremental\debug-mergeJavaRes\zip-cache\UwtxaCoPQQKHidcsCSjyjA==","20389","7/1/2026 10:47:28 AM"
"E:\final-year-project\AutoDeliveryApp-local\app\build\intermediates\incremental\debug-mergeJavaRes\zip-cache\Vl0wYJUuWYeb8L2ONqjMuA==","22881","7/1/2026 10:47:28 AM"
"E:\final-year-project\AutoDeliveryApp-local\app\build\intermediates\incremental\debug-mergeJavaRes\zip-cache\vlzgxazEEBbOH62FW1CySA==","683","7/1/2026 10:47:28 AM"
"E:\final-year-project\AutoDeliveryApp-local\app\build\intermediates\incremental\debug-mergeJavaRes\zip-cache\VnCSPbi80GLteQGAxVd1dg==","2625","7/1/2026 10:47:28 AM"
"E:\final-year-project\AutoDeliveryApp-local\app\build\intermediates\incremental\debug-mergeJavaRes\zip-cache\vxb1aroz9_K63tYkcpfO4A==","2203","7/1/2026 10:47:28 AM"
"E:\final-year-project\AutoDeliveryApp-local\app\build\intermediates\incremental\debug-mergeJavaRes\zip-cache\w5SO3siIOlS2mp9gRAEXLA==","9649","7/1/2026 10:47:28 AM"
"E:\final-year-project\AutoDeliveryApp-local\app\build\intermediates\incremental\debug-mergeJavaRes\zip-cache\WwWQS1FdUEmMnSNunwJijg==","2266","7/1/2026 10:47:28 AM"
"E:\final-year-project\AutoDeliveryApp-local\app\build\intermediates\incremental\debug-mergeJavaRes\zip-cache\Xjff2WmLch0VNVdpyz1HJw==","2800","7/1/2026 10:47:28 AM"
"E:\final-year-project\AutoDeliveryApp-local\app\build\intermediates\incremental\debug-mergeJavaRes\zip-cache\xrFIdJBzOswFyMSR4oAEtw==","2113","7/1/2026 10:47:28 AM"
"E:\final-year-project\AutoDeliveryApp-local\app\build\intermediates\incremental\debug-mergeJavaRes\zip-cache\Y7KJy8QrcDEtTdOyRK1ydQ==","70159","7/1/2026 10:47:28 AM"
"E:\final-year-project\AutoDeliveryApp-local\app\build\intermediates\incremental\debug-mergeJavaRes\zip-cache\Y7p7GrDrb9hniHm3q6OXfQ==","1328","7/1/2026 10:47:28 AM"
"E:\final-year-project\AutoDeliveryApp-local\app\build\intermediates\incremental\debug-mergeJavaRes\zip-cache\yYqU2kKQdj98n3XmIwjaGA==","149363","7/1/2026 10:47:28 AM"
"E:\final-year-project\AutoDeliveryApp-local\app\build\intermediates\incremental\debug-mergeJavaRes\zip-cache\Z1hWm1GZPQjiiN57qlh_Hg==","6623","7/1/2026 10:47:28 AM"
"E:\final-year-project\AutoDeliveryApp-local\app\build\intermediates\incremental\debug-mergeJavaRes\zip-cache\ZOC8+WeE2GfxPnaxghhDyw==","1041","7/1/2026 10:47:28 AM"
"E:\final-year-project\AutoDeliveryApp-local\app\build\intermediates\incremental\debug-mergeJavaRes\zip-cache\ZU8okuI+9jx7RE535Z++Hg==","5594","7/1/2026 10:47:28 AM"
"E:\final-year-project\AutoDeliveryApp-local\app\build\intermediates\incremental\debug-mergeJavaRes\zip-cache\zVs5JcgxbfNaSL7GUAQVKQ==","2535","7/1/2026 10:47:28 AM"
"E:\final-year-project\AutoDeliveryApp-local\app\build\intermediates\incremental\debug-mergeJavaRes\zip-cache\_nwYAWFKUgAHf+1KLpVEfA==","22991","7/1/2026 10:47:28 AM"
"E:\final-year-project\AutoDeliveryApp-local\app\build\intermediates\incremental\debug-mergeJavaRes\zip-cache\_sdp8p2+1n47BmI0XI7R5Q==","3651","7/1/2026 10:47:28 AM"
"E:\final-year-project\AutoDeliveryApp-local\app\build\intermediates\incremental\mergeDebugAssets\merger.xml","482","7/1/2026 10:47:20 AM"
"E:\final-year-project\AutoDeliveryApp-local\app\build\intermediates\incremental\mergeDebugJniLibFolders\merger.xml","484","7/1/2026 10:47:27 AM"
"E:\final-year-project\AutoDeliveryApp-local\app\build\intermediates\incremental\packageDebug\tmp\debug\dex-renamer-state.txt","2178","7/1/2026 10:47:31 AM"
"E:\final-year-project\AutoDeliveryApp-local\app\build\intermediates\incremental\packageDebug\tmp\debug\zip-cache\androidResources","140187","7/1/2026 10:47:32 AM"
"E:\final-year-project\AutoDeliveryApp-local\app\build\intermediates\incremental\packageDebug\tmp\debug\zip-cache\javaResources0","14069","7/1/2026 10:47:32 AM"
"E:\final-year-project\AutoDeliveryApp-local\app\build\intermediates\javac\debug\compileDebugJavaWithJavac\classes\com\example\autodeliveryapp\BottomNavActivity.class","2771","7/1/2026 10:47:25 AM"
"E:\final-year-project\AutoDeliveryApp-local\app\build\intermediates\javac\debug\compileDebugJavaWithJavac\classes\com\example\autodeliveryapp\BuildConfig.class","1132","7/1/2026 10:47:26 AM"
"E:\final-year-project\AutoDeliveryApp-local\app\build\intermediates\javac\debug\compileDebugJavaWithJavac\classes\com\example\autodeliveryapp\Constants.class","2029","7/1/2026 10:47:25 AM"
"E:\final-year-project\AutoDeliveryApp-local\app\build\intermediates\javac\debug\compileDebugJavaWithJavac\classes\com\example\autodeliveryapp\CreateTaskActivity$1.class","2353","7/1/2026 10:47:25 AM"
"E:\final-year-project\AutoDeliveryApp-local\app\build\intermediates\javac\debug\compileDebugJavaWithJavac\classes\com\example\autodeliveryapp\CreateTaskActivity$2.class","2188","7/1/2026 10:47:25 AM"
"E:\final-year-project\AutoDeliveryApp-local\app\build\intermediates\javac\debug\compileDebugJavaWithJavac\classes\com\example\autodeliveryapp\CreateTaskActivity$3.class","4466","7/1/2026 10:47:25 AM"
"E:\final-year-project\AutoDeliveryApp-local\app\build\intermediates\javac\debug\compileDebugJavaWithJavac\classes\com\example\autodeliveryapp\CreateTaskActivity$4.class","7085","7/1/2026 10:47:25 AM"
"E:\final-year-project\AutoDeliveryApp-local\app\build\intermediates\javac\debug\compileDebugJavaWithJavac\classes\com\example\autodeliveryapp\CreateTaskActivity$5.class","2806","7/1/2026 10:47:25 AM"
"E:\final-year-project\AutoDeliveryApp-local\app\build\intermediates\javac\debug\compileDebugJavaWithJavac\classes\com\example\autodeliveryapp\CreateTaskActivity$6.class","2727","7/1/2026 10:47:25 AM"
"E:\final-year-project\AutoDeliveryApp-local\app\build\intermediates\javac\debug\compileDebugJavaWithJavac\classes\com\example\autodeliveryapp\CreateTaskActivity$7.class","2924","7/1/2026 10:47:25 AM"
"E:\final-year-project\AutoDeliveryApp-local\app\build\intermediates\javac\debug\compileDebugJavaWithJavac\classes\com\example\autodeliveryapp\CreateTaskActivity.class","32930","7/1/2026 10:47:25 AM"
"E:\final-year-project\AutoDeliveryApp-local\app\build\intermediates\javac\debug\compileDebugJavaWithJavac\classes\com\example\autodeliveryapp\EdgeToEdgeHelper.class","3448","7/1/2026 10:47:25 AM"
"E:\final-year-project\AutoDeliveryApp-local\app\build\intermediates\javac\debug\compileDebugJavaWithJavac\classes\com\example\autodeliveryapp\FCMNotificationService.class","8206","7/1/2026 10:47:25 AM"
"E:\final-year-project\AutoDeliveryApp-local\app\build\intermediates\javac\debug\compileDebugJavaWithJavac\classes\com\example\autodeliveryapp\ForgotPasswordActivity.class","5614","7/1/2026 10:47:25 AM"
"E:\final-year-project\AutoDeliveryApp-local\app\build\intermediates\javac\debug\compileDebugJavaWithJavac\classes\com\example\autodeliveryapp\HistoryActivity$1.class","4672","7/1/2026 10:47:25 AM"
"E:\final-year-project\AutoDeliveryApp-local\app\build\intermediates\javac\debug\compileDebugJavaWithJavac\classes\com\example\autodeliveryapp\HistoryActivity.class","5278","7/1/2026 10:47:25 AM"
"E:\final-year-project\AutoDeliveryApp-local\app\build\intermediates\javac\debug\compileDebugJavaWithJavac\classes\com\example\autodeliveryapp\LoginActivity$1.class","2588","7/1/2026 10:47:25 AM"
"E:\final-year-project\AutoDeliveryApp-local\app\build\intermediates\javac\debug\compileDebugJavaWithJavac\classes\com\example\autodeliveryapp\LoginActivity$2.class","3014","7/1/2026 10:47:25 AM"
"E:\final-year-project\AutoDeliveryApp-local\app\build\intermediates\javac\debug\compileDebugJavaWithJavac\classes\com\example\autodeliveryapp\LoginActivity$3.class","3028","7/1/2026 10:47:25 AM"
"E:\final-year-project\AutoDeliveryApp-local\app\build\intermediates\javac\debug\compileDebugJavaWithJavac\classes\com\example\autodeliveryapp\LoginActivity.class","9649","7/1/2026 10:47:25 AM"
"E:\final-year-project\AutoDeliveryApp-local\app\build\intermediates\javac\debug\compileDebugJavaWithJavac\classes\com\example\autodeliveryapp\MainActivity$1.class","4012","7/1/2026 10:47:25 AM"
"E:\final-year-project\AutoDeliveryApp-local\app\build\intermediates\javac\debug\compileDebugJavaWithJavac\classes\com\example\autodeliveryapp\MainActivity$2.class","2201","7/1/2026 10:47:25 AM"
"E:\final-year-project\AutoDeliveryApp-local\app\build\intermediates\javac\debug\compileDebugJavaWithJavac\classes\com\example\autodeliveryapp\MainActivity.class","7684","7/1/2026 10:47:25 AM"
"E:\final-year-project\AutoDeliveryApp-local\app\build\intermediates\javac\debug\compileDebugJavaWithJavac\classes\com\example\autodeliveryapp\NotificationActivity$1.class","3412","7/1/2026 10:47:25 AM"
"E:\final-year-project\AutoDeliveryApp-local\app\build\intermediates\javac\debug\compileDebugJavaWithJavac\classes\com\example\autodeliveryapp\NotificationActivity.class","4465","7/1/2026 10:47:25 AM"
"E:\final-year-project\AutoDeliveryApp-local\app\build\intermediates\javac\debug\compileDebugJavaWithJavac\classes\com\example\autodeliveryapp\ProfileActivity$1.class","2755","7/1/2026 10:47:25 AM"
"E:\final-year-project\AutoDeliveryApp-local\app\build\intermediates\javac\debug\compileDebugJavaWithJavac\classes\com\example\autodeliveryapp\ProfileActivity.class","4015","7/1/2026 10:47:25 AM"
"E:\final-year-project\AutoDeliveryApp-local\app\build\intermediates\javac\debug\compileDebugJavaWithJavac\classes\com\example\autodeliveryapp\RegisterActivity.class","9238","7/1/2026 10:47:25 AM"
"E:\final-year-project\AutoDeliveryApp-local\app\build\intermediates\javac\debug\compileDebugJavaWithJavac\classes\com\example\autodeliveryapp\TrackingActivity.class","23049","7/1/2026 10:47:26 AM"
"E:\final-year-project\AutoDeliveryApp-local\app\build\intermediates\javac\debug\compileDebugJavaWithJavac\classes\com\example\autodeliveryapp\adapters\ActiveTaskAdapter$OnTaskClickListener.class","378","7/1/2026 10:47:25 AM"
"E:\final-year-project\AutoDeliveryApp-local\app\build\intermediates\javac\debug\compileDebugJavaWithJavac\classes\com\example\autodeliveryapp\adapters\ActiveTaskAdapter$ViewHolder.class","1006","7/1/2026 10:47:25 AM"
"E:\final-year-project\AutoDeliveryApp-local\app\build\intermediates\javac\debug\compileDebugJavaWithJavac\classes\com\example\autodeliveryapp\adapters\ActiveTaskAdapter.class","5524","7/1/2026 10:47:25 AM"
"E:\final-year-project\AutoDeliveryApp-local\app\build\intermediates\javac\debug\compileDebugJavaWithJavac\classes\com\example\autodeliveryapp\adapters\HistoryAdapter$ViewHolder.class","985","7/1/2026 10:47:25 AM"
"E:\final-year-project\AutoDeliveryApp-local\app\build\intermediates\javac\debug\compileDebugJavaWithJavac\classes\com\example\autodeliveryapp\adapters\HistoryAdapter.class","4339","7/1/2026 10:47:25 AM"
"E:\final-year-project\AutoDeliveryApp-local\app\build\intermediates\javac\debug\compileDebugJavaWithJavac\classes\com\example\autodeliveryapp\adapters\NotificationAdapter$1.class","2833","7/1/2026 10:47:25 AM"
"E:\final-year-project\AutoDeliveryApp-local\app\build\intermediates\javac\debug\compileDebugJavaWithJavac\classes\com\example\autodeliveryapp\adapters\NotificationAdapter$ViewHolder.class","1020","7/1/2026 10:47:25 AM"
"E:\final-year-project\AutoDeliveryApp-local\app\build\intermediates\javac\debug\compileDebugJavaWithJavac\classes\com\example\autodeliveryapp\adapters\NotificationAdapter.class","6488","7/1/2026 10:47:25 AM"
"E:\final-year-project\AutoDeliveryApp-local\app\build\intermediates\javac\debug\compileDebugJavaWithJavac\classes\com\example\autodeliveryapp\data\HistoryItem.class","1201","7/1/2026 10:47:25 AM"
"E:\final-year-project\AutoDeliveryApp-local\app\build\intermediates\javac\debug\compileDebugJavaWithJavac\classes\com\example\autodeliveryapp\data\NotificationItem.class","2369","7/1/2026 10:47:25 AM"
"E:\final-year-project\AutoDeliveryApp-local\app\build\intermediates\javac\debug\compileDebugJavaWithJavac\classes\com\example\autodeliveryapp\databinding\ActivityCreateTaskBinding.class","6247","7/1/2026 10:47:25 AM"
"E:\final-year-project\AutoDeliveryApp-local\app\build\intermediates\javac\debug\compileDebugJavaWithJavac\classes\com\example\autodeliveryapp\databinding\ActivityForgotPasswordBinding.class","4298","7/1/2026 10:47:25 AM"
"E:\final-year-project\AutoDeliveryApp-local\app\build\intermediates\javac\debug\compileDebugJavaWithJavac\classes\com\example\autodeliveryapp\databinding\ActivityHistoryBinding.class","3667","7/1/2026 10:47:25 AM"
"E:\final-year-project\AutoDeliveryApp-local\app\build\intermediates\javac\debug\compileDebugJavaWithJavac\classes\com\example\autodeliveryapp\databinding\ActivityLoginBinding.class","4034","7/1/2026 10:47:25 AM"
"E:\final-year-project\AutoDeliveryApp-local\app\build\intermediates\javac\debug\compileDebugJavaWithJavac\classes\com\example\autodeliveryapp\databinding\ActivityMainBinding.class","4455","7/1/2026 10:47:25 AM"
"E:\final-year-project\AutoDeliveryApp-local\app\build\intermediates\javac\debug\compileDebugJavaWithJavac\classes\com\example\autodeliveryapp\databinding\ActivityNotificationBinding.class","3930","7/1/2026 10:47:25 AM"
"E:\final-year-project\AutoDeliveryApp-local\app\build\intermediates\javac\debug\compileDebugJavaWithJavac\classes\com\example\autodeliveryapp\databinding\ActivityProfileBinding.class","4216","7/1/2026 10:47:25 AM"
"E:\final-year-project\AutoDeliveryApp-local\app\build\intermediates\javac\debug\compileDebugJavaWithJavac\classes\com\example\autodeliveryapp\databinding\ActivityRegisterBinding.class","4487","7/1/2026 10:47:25 AM"
"E:\final-year-project\AutoDeliveryApp-local\app\build\intermediates\javac\debug\compileDebugJavaWithJavac\classes\com\example\autodeliveryapp\databinding\ActivityTrackingBinding.class","4886","7/1/2026 10:47:26 AM"
"E:\final-year-project\AutoDeliveryApp-local\app\build\intermediates\javac\debug\compileDebugJavaWithJavac\classes\com\example\autodeliveryapp\databinding\ItemActiveTaskBinding.class","3294","7/1/2026 10:47:25 AM"
"E:\final-year-project\AutoDeliveryApp-local\app\build\intermediates\javac\debug\compileDebugJavaWithJavac\classes\com\example\autodeliveryapp\databinding\ItemHistoryBinding.class","3576","7/1/2026 10:47:25 AM"
"E:\final-year-project\AutoDeliveryApp-local\app\build\intermediates\javac\debug\compileDebugJavaWithJavac\classes\com\example\autodeliveryapp\databinding\ItemNotificationBinding.class","3449","7/1/2026 10:47:25 AM"
"E:\final-year-project\AutoDeliveryApp-local\app\build\intermediates\javac\debug\compileDebugJavaWithJavac\classes\com\example\autodeliveryapp\model\RobotAck.class","462","7/1/2026 10:47:25 AM"
"E:\final-year-project\AutoDeliveryApp-local\app\build\intermediates\javac\debug\compileDebugJavaWithJavac\classes\com\example\autodeliveryapp\model\RobotCommand.class","621","7/1/2026 10:47:25 AM"
"E:\final-year-project\AutoDeliveryApp-local\app\build\intermediates\javac\debug\compileDebugJavaWithJavac\classes\com\example\autodeliveryapp\model\RobotStatusMessage.class","483","7/1/2026 10:47:25 AM"
"E:\final-year-project\AutoDeliveryApp-local\app\build\intermediates\javac\debug\compileDebugJavaWithJavac\classes\com\example\autodeliveryapp\model\RobotTelemetry.class","544","7/1/2026 10:47:25 AM"
"E:\final-year-project\AutoDeliveryApp-local\app\build\intermediates\javac\debug\compileDebugJavaWithJavac\classes\com\example\autodeliveryapp\mqtt\MqttConfig.class","895","7/1/2026 10:47:25 AM"
"E:\final-year-project\AutoDeliveryApp-local\app\build\intermediates\javac\debug\compileDebugJavaWithJavac\classes\com\example\autodeliveryapp\mqtt\MqttFirebaseBridge.class","9231","7/1/2026 10:47:25 AM"
"E:\final-year-project\AutoDeliveryApp-local\app\build\intermediates\javac\debug\compileDebugJavaWithJavac\classes\com\example\autodeliveryapp\mqtt\MqttListener.class","587","7/1/2026 10:47:25 AM"
"E:\final-year-project\AutoDeliveryApp-local\app\build\intermediates\javac\debug\compileDebugJavaWithJavac\classes\com\example\autodeliveryapp\mqtt\MqttManager.class","16153","7/1/2026 10:47:25 AM"
"E:\final-year-project\AutoDeliveryApp-local\app\build\intermediates\javac\debug\compileDebugJavaWithJavac\classes\com\example\autodeliveryapp\mqtt\MqttPayloadParser.class","4848","7/1/2026 10:47:25 AM"
"E:\final-year-project\AutoDeliveryApp-local\app\build\intermediates\javac\debug\compileDebugJavaWithJavac\classes\com\example\autodeliveryapp\mqtt\MqttTopics.class","1788","7/1/2026 10:47:25 AM"
"E:\final-year-project\AutoDeliveryApp-local\app\build\intermediates\javac\debug\compileDebugJavaWithJavac\classes\com\example\autodeliveryapp\utils\NotificationUtils.class","3575","7/1/2026 10:47:26 AM"
"E:\final-year-project\AutoDeliveryApp-local\app\build\intermediates\javac\debug\compileDebugJavaWithJavac\classes\com\example\autodeliveryapp\utils\PhoneUtils.class","1911","7/1/2026 10:47:26 AM"
"E:\final-year-project\AutoDeliveryApp-local\app\build\intermediates\javac\debug\compileDebugJavaWithJavac\classes\com\example\autodeliveryapp\utils\SlotUtils.class","3871","7/1/2026 10:47:26 AM"
"E:\final-year-project\AutoDeliveryApp-local\app\build\intermediates\javac\debug\compileDebugJavaWithJavac\classes\com\example\autodeliveryapp\utils\TaskStatus.class","871","7/1/2026 10:47:26 AM"
"E:\final-year-project\AutoDeliveryApp-local\app\build\intermediates\linked_resources_binary_format\debug\processDebugResources\linked-resources-binary-format-debug.ap_","1991915","7/1/2026 10:47:29 AM"
"E:\final-year-project\AutoDeliveryApp-local\app\build\intermediates\linked_resources_binary_format\debug\processDebugResources\output-metadata.json","431","7/1/2026 10:47:29 AM"
"E:\final-year-project\AutoDeliveryApp-local\app\build\intermediates\local_only_symbol_list\debug\parseDebugLocalResources\R-def.txt","3891","7/1/2026 10:47:20 AM"
"E:\final-year-project\AutoDeliveryApp-local\app\build\intermediates\manifest_merge_blame_file\debug\processDebugMainManifest\manifest-merger-blame-debug-report.txt","51149","7/1/2026 10:47:27 AM"
"E:\final-year-project\AutoDeliveryApp-local\app\build\intermediates\merged_java_res\debug\mergeDebugJavaResource\base.jar","87370","7/1/2026 10:47:28 AM"
"E:\final-year-project\AutoDeliveryApp-local\app\build\intermediates\merged_manifest\debug\processDebugMainManifest\AndroidManifest.xml","12072","7/1/2026 10:47:27 AM"
"E:\final-year-project\AutoDeliveryApp-local\app\build\intermediates\merged_manifests\debug\processDebugManifest\AndroidManifest.xml","12072","7/1/2026 10:47:27 AM"
"E:\final-year-project\AutoDeliveryApp-local\app\build\intermediates\merged_manifests\debug\processDebugManifest\output-metadata.json","396","7/1/2026 10:47:27 AM"
"E:\final-year-project\AutoDeliveryApp-local\app\build\intermediates\merged_native_libs\debug\mergeDebugNativeLibs\out\lib\arm64-v8a\libmaplibre.so","10579776","7/1/2026 10:47:27 AM"
"E:\final-year-project\AutoDeliveryApp-local\app\build\intermediates\merged_native_libs\debug\mergeDebugNativeLibs\out\lib\armeabi-v7a\libmaplibre.so","7885316","7/1/2026 10:47:27 AM"
"E:\final-year-project\AutoDeliveryApp-local\app\build\intermediates\merged_native_libs\debug\mergeDebugNativeLibs\out\lib\x86\libmaplibre.so","11137508","7/1/2026 10:47:28 AM"
"E:\final-year-project\AutoDeliveryApp-local\app\build\intermediates\merged_native_libs\debug\mergeDebugNativeLibs\out\lib\x86_64\libmaplibre.so","11257032","7/1/2026 10:47:28 AM"
"E:\final-year-project\AutoDeliveryApp-local\app\build\intermediates\merged_res\debug\mergeDebugResources\color_bottom_nav_color.xml.flat","480","7/1/2026 10:47:20 AM"
"E:\final-year-project\AutoDeliveryApp-local\app\build\intermediates\merged_res\debug\mergeDebugResources\drawable_bg_bottom_sheet_rounded.xml.flat","560","7/1/2026 10:47:20 AM"
"E:\final-year-project\AutoDeliveryApp-local\app\build\intermediates\merged_res\debug\mergeDebugResources\drawable_bg_button_green.xml.flat","396","7/1/2026 10:47:20 AM"
"E:\final-year-project\AutoDeliveryApp-local\app\build\intermediates\merged_res\debug\mergeDebugResources\drawable_bg_card_outlined.xml.flat","552","7/1/2026 10:47:20 AM"
"E:\final-year-project\AutoDeliveryApp-local\app\build\intermediates\merged_res\debug\mergeDebugResources\drawable_bg_tag_blue.xml.flat","376","7/1/2026 10:47:20 AM"
"E:\final-year-project\AutoDeliveryApp-local\app\build\intermediates\merged_res\debug\mergeDebugResources\drawable_bg_tag_green.xml.flat","376","7/1/2026 10:47:20 AM"
"E:\final-year-project\AutoDeliveryApp-local\app\build\intermediates\merged_res\debug\mergeDebugResources\drawable_bg_tag_orange.xml.flat","380","7/1/2026 10:47:20 AM"
"E:\final-year-project\AutoDeliveryApp-local\app\build\intermediates\merged_res\debug\mergeDebugResources\drawable_bg_tag_red.xml.flat","384","7/1/2026 10:47:20 AM"
"E:\final-year-project\AutoDeliveryApp-local\app\build\intermediates\merged_res\debug\mergeDebugResources\drawable_ic_back.xml.flat","688","7/1/2026 10:47:20 AM"
"E:\final-year-project\AutoDeliveryApp-local\app\build\intermediates\merged_res\debug\mergeDebugResources\drawable_ic_nav_history.xml.flat","868","7/1/2026 10:47:20 AM"
"E:\final-year-project\AutoDeliveryApp-local\app\build\intermediates\merged_res\debug\mergeDebugResources\drawable_ic_nav_home.xml.flat","672","7/1/2026 10:47:20 AM"
"E:\final-year-project\AutoDeliveryApp-local\app\build\intermediates\merged_res\debug\mergeDebugResources\drawable_ic_nav_notification.xml.flat","840","7/1/2026 10:47:20 AM"
"E:\final-year-project\AutoDeliveryApp-local\app\build\intermediates\merged_res\debug\mergeDebugResources\drawable_ic_nav_profile.xml.flat","768","7/1/2026 10:47:20 AM"
"E:\final-year-project\AutoDeliveryApp-local\app\build\intermediates\merged_res\debug\mergeDebugResources\layout_activity_create_task.xml.flat","17692","7/1/2026 10:47:20 AM"
"E:\final-year-project\AutoDeliveryApp-local\app\build\intermediates\merged_res\debug\mergeDebugResources\layout_activity_forgot_password.xml.flat","6456","7/1/2026 10:47:20 AM"
"E:\final-year-project\AutoDeliveryApp-local\app\build\intermediates\merged_res\debug\mergeDebugResources\layout_activity_history.xml.flat","3332","7/1/2026 10:47:20 AM"
"E:\final-year-project\AutoDeliveryApp-local\app\build\intermediates\merged_res\debug\mergeDebugResources\layout_activity_login.xml.flat","6984","7/1/2026 10:47:20 AM"
"E:\final-year-project\AutoDeliveryApp-local\app\build\intermediates\merged_res\debug\mergeDebugResources\layout_activity_main.xml.flat","12200","7/1/2026 10:47:20 AM"
"E:\final-year-project\AutoDeliveryApp-local\app\build\intermediates\merged_res\debug\mergeDebugResources\layout_activity_notification.xml.flat","3928","7/1/2026 10:47:20 AM"
"E:\final-year-project\AutoDeliveryApp-local\app\build\intermediates\merged_res\debug\mergeDebugResources\layout_activity_profile.xml.flat","9804","7/1/2026 10:47:20 AM"
"E:\final-year-project\AutoDeliveryApp-local\app\build\intermediates\merged_res\debug\mergeDebugResources\layout_activity_register.xml.flat","8176","7/1/2026 10:47:20 AM"
"E:\final-year-project\AutoDeliveryApp-local\app\build\intermediates\merged_res\debug\mergeDebugResources\layout_activity_tracking.xml.flat","19932","7/1/2026 10:47:20 AM"
"E:\final-year-project\AutoDeliveryApp-local\app\build\intermediates\merged_res\debug\mergeDebugResources\layout_item_active_task.xml.flat","4636","7/1/2026 10:47:20 AM"
"E:\final-year-project\AutoDeliveryApp-local\app\build\intermediates\merged_res\debug\mergeDebugResources\layout_item_history.xml.flat","5444","7/1/2026 10:47:20 AM"
"E:\final-year-project\AutoDeliveryApp-local\app\build\intermediates\merged_res\debug\mergeDebugResources\layout_item_notification.xml.flat","3696","7/1/2026 10:47:20 AM"
"E:\final-year-project\AutoDeliveryApp-local\app\build\intermediates\merged_res\debug\mergeDebugResources\menu_bottom_nav_menu.xml.flat","1276","7/1/2026 10:47:20 AM"
"E:\final-year-project\AutoDeliveryApp-local\app\build\intermediates\merged_res\debug\mergeDebugResources\mipmap-hdpi_ic_launcher.webp.flat","1536","7/1/2026 10:47:20 AM"
"E:\final-year-project\AutoDeliveryApp-local\app\build\intermediates\merged_res\debug\mergeDebugResources\mipmap-hdpi_ic_launcher_round.webp.flat","3044","7/1/2026 10:47:20 AM"
"E:\final-year-project\AutoDeliveryApp-local\app\build\intermediates\merged_res\debug\mergeDebugResources\values-af_values-af.arsc.flat","11040","7/1/2026 10:47:20 AM"
"E:\final-year-project\AutoDeliveryApp-local\app\build\intermediates\merged_res\debug\mergeDebugResources\values-am_values-am.arsc.flat","12720","7/1/2026 10:47:20 AM"
"E:\final-year-project\AutoDeliveryApp-local\app\build\intermediates\merged_res\debug\mergeDebugResources\values-ar_values-ar.arsc.flat","12964","7/1/2026 10:47:20 AM"
"E:\final-year-project\AutoDeliveryApp-local\app\build\intermediates\merged_res\debug\mergeDebugResources\values-as_values-as.arsc.flat","12992","7/1/2026 10:47:20 AM"
"E:\final-year-project\AutoDeliveryApp-local\app\build\intermediates\merged_res\debug\mergeDebugResources\values-az_values-az.arsc.flat","11524","7/1/2026 10:47:20 AM"
"E:\final-year-project\AutoDeliveryApp-local\app\build\intermediates\merged_res\debug\mergeDebugResources\values-b+es+419_values-b+es+419.arsc.flat","7044","7/1/2026 10:47:20 AM"
"E:\final-year-project\AutoDeliveryApp-local\app\build\intermediates\merged_res\debug\mergeDebugResources\values-b+sr+Latn_values-b+sr+Latn.arsc.flat","12048","7/1/2026 10:47:20 AM"
"E:\final-year-project\AutoDeliveryApp-local\app\build\intermediates\merged_res\debug\mergeDebugResources\values-be_values-be.arsc.flat","13708","7/1/2026 10:47:20 AM"
"E:\final-year-project\AutoDeliveryApp-local\app\build\intermediates\merged_res\debug\mergeDebugResources\values-bg_values-bg.arsc.flat","14748","7/1/2026 10:47:20 AM"
"E:\final-year-project\AutoDeliveryApp-local\app\build\intermediates\merged_res\debug\mergeDebugResources\values-bn_values-bn.arsc.flat","14964","7/1/2026 10:47:20 AM"
"E:\final-year-project\AutoDeliveryApp-local\app\build\intermediates\merged_res\debug\mergeDebugResources\values-bs_values-bs.arsc.flat","11412","7/1/2026 10:47:20 AM"
"E:\final-year-project\AutoDeliveryApp-local\app\build\intermediates\merged_res\debug\mergeDebugResources\values-ca_values-ca.arsc.flat","12396","7/1/2026 10:47:20 AM"
"E:\final-year-project\AutoDeliveryApp-local\app\build\intermediates\merged_res\debug\mergeDebugResources\values-cs_values-cs.arsc.flat","12440","7/1/2026 10:47:20 AM"
"E:\final-year-project\AutoDeliveryApp-local\app\build\intermediates\merged_res\debug\mergeDebugResources\values-da_values-da.arsc.flat","11104","7/1/2026 10:47:20 AM"
"E:\final-year-project\AutoDeliveryApp-local\app\build\intermediates\merged_res\debug\mergeDebugResources\values-de_values-de.arsc.flat","11536","7/1/2026 10:47:20 AM"
"E:\final-year-project\AutoDeliveryApp-local\app\build\intermediates\merged_res\debug\mergeDebugResources\values-el_values-el.arsc.flat","14104","7/1/2026 10:47:20 AM"
"E:\final-year-project\AutoDeliveryApp-local\app\build\intermediates\merged_res\debug\mergeDebugResources\values-en-rAU_values-en-rAU.arsc.flat","2984","7/1/2026 10:47:20 AM"
"E:\final-year-project\AutoDeliveryApp-local\app\build\intermediates\merged_res\debug\mergeDebugResources\values-en-rCA_values-en-rCA.arsc.flat","2984","7/1/2026 10:47:20 AM"
"E:\final-year-project\AutoDeliveryApp-local\app\build\intermediates\merged_res\debug\mergeDebugResources\values-en-rGB_values-en-rGB.arsc.flat","11336","7/1/2026 10:47:20 AM"
"E:\final-year-project\AutoDeliveryApp-local\app\build\intermediates\merged_res\debug\mergeDebugResources\values-en-rIN_values-en-rIN.arsc.flat","2984","7/1/2026 10:47:20 AM"
"E:\final-year-project\AutoDeliveryApp-local\app\build\intermediates\merged_res\debug\mergeDebugResources\values-en-rXC_values-en-rXC.arsc.flat","15496","7/1/2026 10:47:20 AM"
"E:\final-year-project\AutoDeliveryApp-local\app\build\intermediates\merged_res\debug\mergeDebugResources\values-es-rUS_values-es-rUS.arsc.flat","12016","7/1/2026 10:47:19 AM"
"E:\final-year-project\AutoDeliveryApp-local\app\build\intermediates\merged_res\debug\mergeDebugResources\values-es_values-es.arsc.flat","12624","7/1/2026 10:47:20 AM"
"E:\final-year-project\AutoDeliveryApp-local\app\build\intermediates\merged_res\debug\mergeDebugResources\values-et_values-et.arsc.flat","11280","7/1/2026 10:47:20 AM"
"E:\final-year-project\AutoDeliveryApp-local\app\build\intermediates\merged_res\debug\mergeDebugResources\values-eu_values-eu.arsc.flat","11420","7/1/2026 10:47:20 AM"
"E:\final-year-project\AutoDeliveryApp-local\app\build\intermediates\merged_res\debug\mergeDebugResources\values-fa_values-fa.arsc.flat","12832","7/1/2026 10:47:20 AM"
"E:\final-year-project\AutoDeliveryApp-local\app\build\intermediates\merged_res\debug\mergeDebugResources\values-fi_values-fi.arsc.flat","11184","7/1/2026 10:47:20 AM"
"E:\final-year-project\AutoDeliveryApp-local\app\build\intermediates\merged_res\debug\mergeDebugResources\values-fr-rCA_values-fr-rCA.arsc.flat","12204","7/1/2026 10:47:20 AM"
"E:\final-year-project\AutoDeliveryApp-local\app\build\intermediates\merged_res\debug\mergeDebugResources\values-fr_values-fr.arsc.flat","12768","7/1/2026 10:47:20 AM"
"E:\final-year-project\AutoDeliveryApp-local\app\build\intermediates\merged_res\debug\mergeDebugResources\values-gl_values-gl.arsc.flat","12600","7/1/2026 10:47:20 AM"
"E:\final-year-project\AutoDeliveryApp-local\app\build\intermediates\merged_res\debug\mergeDebugResources\values-gu_values-gu.arsc.flat","14612","7/1/2026 10:47:20 AM"
"E:\final-year-project\AutoDeliveryApp-local\app\build\intermediates\merged_res\debug\mergeDebugResources\values-h320dp-port-v13_values-h320dp-port-v13.arsc.flat","292","7/1/2026 10:47:19 AM"
"E:\final-year-project\AutoDeliveryApp-local\app\build\intermediates\merged_res\debug\mergeDebugResources\values-h360dp-land-v13_values-h360dp-land-v13.arsc.flat","800","7/1/2026 10:47:20 AM"
"E:\final-year-project\AutoDeliveryApp-local\app\build\intermediates\merged_res\debug\mergeDebugResources\values-h480dp-land-v13_values-h480dp-land-v13.arsc.flat","800","7/1/2026 10:47:20 AM"
"E:\final-year-project\AutoDeliveryApp-local\app\build\intermediates\merged_res\debug\mergeDebugResources\values-h480dp-v13_values-h480dp-v13.arsc.flat","504","7/1/2026 10:47:19 AM"
"E:\final-year-project\AutoDeliveryApp-local\app\build\intermediates\merged_res\debug\mergeDebugResources\values-h550dp-port-v13_values-h550dp-port-v13.arsc.flat","292","7/1/2026 10:47:20 AM"
"E:\final-year-project\AutoDeliveryApp-local\app\build\intermediates\merged_res\debug\mergeDebugResources\values-h720dp-v13_values-h720dp-v13.arsc.flat","284","7/1/2026 10:47:20 AM"
"E:\final-year-project\AutoDeliveryApp-local\app\build\intermediates\merged_res\debug\mergeDebugResources\values-hdpi-v4_values-hdpi-v4.arsc.flat","484","7/1/2026 10:47:20 AM"
"E:\final-year-project\AutoDeliveryApp-local\app\build\intermediates\merged_res\debug\mergeDebugResources\values-he_values-he.arsc.flat","1292","7/1/2026 10:47:20 AM"
"E:\final-year-project\AutoDeliveryApp-local\app\build\intermediates\merged_res\debug\mergeDebugResources\values-hi_values-hi.arsc.flat","15028","7/1/2026 10:47:19 AM"
"E:\final-year-project\AutoDeliveryApp-local\app\build\intermediates\merged_res\debug\mergeDebugResources\values-hr_values-hr.arsc.flat","11392","7/1/2026 10:47:19 AM"
"E:\final-year-project\AutoDeliveryApp-local\app\build\intermediates\merged_res\debug\mergeDebugResources\values-hu_values-hu.arsc.flat","12500","7/1/2026 10:47:19 AM"
"E:\final-year-project\AutoDeliveryApp-local\app\build\intermediates\merged_res\debug\mergeDebugResources\values-hy_values-hy.arsc.flat","13492","7/1/2026 10:47:19 AM"
"E:\final-year-project\AutoDeliveryApp-local\app\build\intermediates\merged_res\debug\mergeDebugResources\values-in_values-in.arsc.flat","11136","7/1/2026 10:47:20 AM"
"E:\final-year-project\AutoDeliveryApp-local\app\build\intermediates\merged_res\debug\mergeDebugResources\values-is_values-is.arsc.flat","11156","7/1/2026 10:47:20 AM"
"E:\final-year-project\AutoDeliveryApp-local\app\build\intermediates\merged_res\debug\mergeDebugResources\values-it_values-it.arsc.flat","11428","7/1/2026 10:47:20 AM"
"E:\final-year-project\AutoDeliveryApp-local\app\build\intermediates\merged_res\debug\mergeDebugResources\values-iw_values-iw.arsc.flat","13244","7/1/2026 10:47:20 AM"
"E:\final-year-project\AutoDeliveryApp-local\app\build\intermediates\merged_res\debug\mergeDebugResources\values-ja_values-ja.arsc.flat","11884","7/1/2026 10:47:19 AM"
"E:\final-year-project\AutoDeliveryApp-local\app\build\intermediates\merged_res\debug\mergeDebugResources\values-ka_values-ka.arsc.flat","15176","7/1/2026 10:47:20 AM"
"E:\final-year-project\AutoDeliveryApp-local\app\build\intermediates\merged_res\debug\mergeDebugResources\values-kk_values-kk.arsc.flat","13096","7/1/2026 10:47:20 AM"
"E:\final-year-project\AutoDeliveryApp-local\app\build\intermediates\merged_res\debug\mergeDebugResources\values-km_values-km.arsc.flat","15564","7/1/2026 10:47:20 AM"
"E:\final-year-project\AutoDeliveryApp-local\app\build\intermediates\merged_res\debug\mergeDebugResources\values-kn_values-kn.arsc.flat","15780","7/1/2026 10:47:20 AM"
"E:\final-year-project\AutoDeliveryApp-local\app\build\intermediates\merged_res\debug\mergeDebugResources\values-ko_values-ko.arsc.flat","12504","7/1/2026 10:47:20 AM"
"E:\final-year-project\AutoDeliveryApp-local\app\build\intermediates\merged_res\debug\mergeDebugResources\values-ky_values-ky.arsc.flat","13340","7/1/2026 10:47:20 AM"
"E:\final-year-project\AutoDeliveryApp-local\app\build\intermediates\merged_res\debug\mergeDebugResources\values-land_values-land.arsc.flat","2864","7/1/2026 10:47:20 AM"
"E:\final-year-project\AutoDeliveryApp-local\app\build\intermediates\merged_res\debug\mergeDebugResources\values-large-v4_values-large-v4.arsc.flat","1424","7/1/2026 10:47:20 AM"
"E:\final-year-project\AutoDeliveryApp-local\app\build\intermediates\merged_res\debug\mergeDebugResources\values-ldltr-v21_values-ldltr-v21.arsc.flat","340","7/1/2026 10:47:19 AM"
"E:\final-year-project\AutoDeliveryApp-local\app\build\intermediates\merged_res\debug\mergeDebugResources\values-ldrtl-v17_values-ldrtl-v17.arsc.flat","480","7/1/2026 10:47:20 AM"
"E:\final-year-project\AutoDeliveryApp-local\app\build\intermediates\merged_res\debug\mergeDebugResources\values-lo_values-lo.arsc.flat","15044","7/1/2026 10:47:20 AM"
"E:\final-year-project\AutoDeliveryApp-local\app\build\intermediates\merged_res\debug\mergeDebugResources\values-lt_values-lt.arsc.flat","12676","7/1/2026 10:47:20 AM"
"E:\final-year-project\AutoDeliveryApp-local\app\build\intermediates\merged_res\debug\mergeDebugResources\values-lv_values-lv.arsc.flat","11888","7/1/2026 10:47:20 AM"
"E:\final-year-project\AutoDeliveryApp-local\app\build\intermediates\merged_res\debug\mergeDebugResources\values-mk_values-mk.arsc.flat","13436","7/1/2026 10:47:20 AM"
"E:\final-year-project\AutoDeliveryApp-local\app\build\intermediates\merged_res\debug\mergeDebugResources\values-ml_values-ml.arsc.flat","16644","7/1/2026 10:47:20 AM"
"E:\final-year-project\AutoDeliveryApp-local\app\build\intermediates\merged_res\debug\mergeDebugResources\values-mn_values-mn.arsc.flat","13248","7/1/2026 10:47:20 AM"
"E:\final-year-project\AutoDeliveryApp-local\app\build\intermediates\merged_res\debug\mergeDebugResources\values-mr_values-mr.arsc.flat","14664","7/1/2026 10:47:20 AM"
"E:\final-year-project\AutoDeliveryApp-local\app\build\intermediates\merged_res\debug\mergeDebugResources\values-ms_values-ms.arsc.flat","11352","7/1/2026 10:47:20 AM"
"E:\final-year-project\AutoDeliveryApp-local\app\build\intermediates\merged_res\debug\mergeDebugResources\values-my_values-my.arsc.flat","16420","7/1/2026 10:47:20 AM"
"E:\final-year-project\AutoDeliveryApp-local\app\build\intermediates\merged_res\debug\mergeDebugResources\values-nb_values-nb.arsc.flat","10992","7/1/2026 10:47:20 AM"
"E:\final-year-project\AutoDeliveryApp-local\app\build\intermediates\merged_res\debug\mergeDebugResources\values-ne_values-ne.arsc.flat","15672","7/1/2026 10:47:20 AM"
"E:\final-year-project\AutoDeliveryApp-local\app\build\intermediates\merged_res\debug\mergeDebugResources\values-night-v8_values-night-v8.arsc.flat","5584","7/1/2026 10:47:20 AM"
"E:\final-year-project\AutoDeliveryApp-local\app\build\intermediates\merged_res\debug\mergeDebugResources\values-nl_values-nl.arsc.flat","12160","7/1/2026 10:47:20 AM"
"E:\final-year-project\AutoDeliveryApp-local\app\build\intermediates\merged_res\debug\mergeDebugResources\values-or_values-or.arsc.flat","13476","7/1/2026 10:47:20 AM"
"E:\final-year-project\AutoDeliveryApp-local\app\build\intermediates\merged_res\debug\mergeDebugResources\values-pa_values-pa.arsc.flat","14588","7/1/2026 10:47:20 AM"
"E:\final-year-project\AutoDeliveryApp-local\app\build\intermediates\merged_res\debug\mergeDebugResources\values-pl_values-pl.arsc.flat","12520","7/1/2026 10:47:20 AM"
"E:\final-year-project\AutoDeliveryApp-local\app\build\intermediates\merged_res\debug\mergeDebugResources\values-port_values-port.arsc.flat","252","7/1/2026 10:47:20 AM"
"E:\final-year-project\AutoDeliveryApp-local\app\build\intermediates\merged_res\debug\mergeDebugResources\values-pt-rBR_values-pt-rBR.arsc.flat","11932","7/1/2026 10:47:20 AM"
"E:\final-year-project\AutoDeliveryApp-local\app\build\intermediates\merged_res\debug\mergeDebugResources\values-pt-rPT_values-pt-rPT.arsc.flat","13016","7/1/2026 10:47:20 AM"
"E:\final-year-project\AutoDeliveryApp-local\app\build\intermediates\merged_res\debug\mergeDebugResources\values-pt_values-pt.arsc.flat","3000","7/1/2026 10:47:19 AM"
"E:\final-year-project\AutoDeliveryApp-local\app\build\intermediates\merged_res\debug\mergeDebugResources\values-ro_values-ro.arsc.flat","11592","7/1/2026 10:47:20 AM"
"E:\final-year-project\AutoDeliveryApp-local\app\build\intermediates\merged_res\debug\mergeDebugResources\values-ru_values-ru.arsc.flat","14816","7/1/2026 10:47:20 AM"
"E:\final-year-project\AutoDeliveryApp-local\app\build\intermediates\merged_res\debug\mergeDebugResources\values-si_values-si.arsc.flat","14748","7/1/2026 10:47:20 AM"
"E:\final-year-project\AutoDeliveryApp-local\app\build\intermediates\merged_res\debug\mergeDebugResources\values-sk_values-sk.arsc.flat","11596","7/1/2026 10:47:20 AM"
"E:\final-year-project\AutoDeliveryApp-local\app\build\intermediates\merged_res\debug\mergeDebugResources\values-sl_values-sl.arsc.flat","11420","7/1/2026 10:47:20 AM"
"E:\final-year-project\AutoDeliveryApp-local\app\build\intermediates\merged_res\debug\mergeDebugResources\values-sq_values-sq.arsc.flat","11544","7/1/2026 10:47:20 AM"
"E:\final-year-project\AutoDeliveryApp-local\app\build\intermediates\merged_res\debug\mergeDebugResources\values-sr_values-sr.arsc.flat","13132","7/1/2026 10:47:20 AM"
"E:\final-year-project\AutoDeliveryApp-local\app\build\intermediates\merged_res\debug\mergeDebugResources\values-sv_values-sv.arsc.flat","12080","7/1/2026 10:47:20 AM"
"E:\final-year-project\AutoDeliveryApp-local\app\build\intermediates\merged_res\debug\mergeDebugResources\values-sw600dp-v13_values-sw600dp-v13.arsc.flat","1712","7/1/2026 10:47:20 AM"
"E:\final-year-project\AutoDeliveryApp-local\app\build\intermediates\merged_res\debug\mergeDebugResources\values-sw_values-sw.arsc.flat","11400","7/1/2026 10:47:20 AM"
"E:\final-year-project\AutoDeliveryApp-local\app\build\intermediates\merged_res\debug\mergeDebugResources\values-ta_values-ta.arsc.flat","16340","7/1/2026 10:47:20 AM"
"E:\final-year-project\AutoDeliveryApp-local\app\build\intermediates\merged_res\debug\mergeDebugResources\values-te_values-te.arsc.flat","15720","7/1/2026 10:47:20 AM"
"E:\final-year-project\AutoDeliveryApp-local\app\build\intermediates\merged_res\debug\mergeDebugResources\values-th_values-th.arsc.flat","14552","7/1/2026 10:47:20 AM"
"E:\final-year-project\AutoDeliveryApp-local\app\build\intermediates\merged_res\debug\mergeDebugResources\values-tl_values-tl.arsc.flat","11632","7/1/2026 10:47:20 AM"
"E:\final-year-project\AutoDeliveryApp-local\app\build\intermediates\merged_res\debug\mergeDebugResources\values-tr_values-tr.arsc.flat","11332","7/1/2026 10:47:20 AM"
"E:\final-year-project\AutoDeliveryApp-local\app\build\intermediates\merged_res\debug\mergeDebugResources\values-uk_values-uk.arsc.flat","14788","7/1/2026 10:47:20 AM"
"E:\final-year-project\AutoDeliveryApp-local\app\build\intermediates\merged_res\debug\mergeDebugResources\values-ur_values-ur.arsc.flat","13040","7/1/2026 10:47:20 AM"
"E:\final-year-project\AutoDeliveryApp-local\app\build\intermediates\merged_res\debug\mergeDebugResources\values-uz_values-uz.arsc.flat","11336","7/1/2026 10:47:20 AM"
"E:\final-year-project\AutoDeliveryApp-local\app\build\intermediates\merged_res\debug\mergeDebugResources\values-v16_values-v16.arsc.flat","408","7/1/2026 10:47:19 AM"
"E:\final-year-project\AutoDeliveryApp-local\app\build\intermediates\merged_res\debug\mergeDebugResources\values-v17_values-v17.arsc.flat","3692","7/1/2026 10:47:19 AM"
"E:\final-year-project\AutoDeliveryApp-local\app\build\intermediates\merged_res\debug\mergeDebugResources\values-v18_values-v18.arsc.flat","244","7/1/2026 10:47:19 AM"
"E:\final-year-project\AutoDeliveryApp-local\app\build\intermediates\merged_res\debug\mergeDebugResources\values-v21_values-v21.arsc.flat","20904","7/1/2026 10:47:20 AM"
"E:\final-year-project\AutoDeliveryApp-local\app\build\intermediates\merged_res\debug\mergeDebugResources\values-v22_values-v22.arsc.flat","932","7/1/2026 10:47:20 AM"
"E:\final-year-project\AutoDeliveryApp-local\app\build\intermediates\merged_res\debug\mergeDebugResources\values-v23_values-v23.arsc.flat","5736","7/1/2026 10:47:20 AM"
"E:\final-year-project\AutoDeliveryApp-local\app\build\intermediates\merged_res\debug\mergeDebugResources\values-v24_values-v24.arsc.flat","1792","7/1/2026 10:47:20 AM"
"E:\final-year-project\AutoDeliveryApp-local\app\build\intermediates\merged_res\debug\mergeDebugResources\values-v25_values-v25.arsc.flat","580","7/1/2026 10:47:20 AM"
"E:\final-year-project\AutoDeliveryApp-local\app\build\intermediates\merged_res\debug\mergeDebugResources\values-v26_values-v26.arsc.flat","1052","7/1/2026 10:47:20 AM"
"E:\final-year-project\AutoDeliveryApp-local\app\build\intermediates\merged_res\debug\mergeDebugResources\values-v28_values-v28.arsc.flat","1808","7/1/2026 10:47:20 AM"
"E:\final-year-project\AutoDeliveryApp-local\app\build\intermediates\merged_res\debug\mergeDebugResources\values-v31_values-v31.arsc.flat","46000","7/1/2026 10:47:20 AM"
"E:\final-year-project\AutoDeliveryApp-local\app\build\intermediates\merged_res\debug\mergeDebugResources\values-v34_values-v34.arsc.flat","10096","7/1/2026 10:47:20 AM"
"E:\final-year-project\AutoDeliveryApp-local\app\build\intermediates\merged_res\debug\mergeDebugResources\values-v35_values-v35.arsc.flat","604","7/1/2026 10:47:20 AM"
"E:\final-year-project\AutoDeliveryApp-local\app\build\intermediates\merged_res\debug\mergeDebugResources\values-vi_values-vi.arsc.flat","13080","7/1/2026 10:47:20 AM"
"E:\final-year-project\AutoDeliveryApp-local\app\build\intermediates\merged_res\debug\mergeDebugResources\values-w320dp-land-v13_values-w320dp-land-v13.arsc.flat","344","7/1/2026 10:47:20 AM"
"E:\final-year-project\AutoDeliveryApp-local\app\build\intermediates\merged_res\debug\mergeDebugResources\values-w360dp-port-v13_values-w360dp-port-v13.arsc.flat","732","7/1/2026 10:47:19 AM"
"E:\final-year-project\AutoDeliveryApp-local\app\build\intermediates\merged_res\debug\mergeDebugResources\values-w400dp-port-v13_values-w400dp-port-v13.arsc.flat","728","7/1/2026 10:47:20 AM"
"E:\final-year-project\AutoDeliveryApp-local\app\build\intermediates\merged_res\debug\mergeDebugResources\values-w600dp-land-v13_values-w600dp-land-v13.arsc.flat","284","7/1/2026 10:47:20 AM"
"E:\final-year-project\AutoDeliveryApp-local\app\build\intermediates\merged_res\debug\mergeDebugResources\values-watch-v20_values-watch-v20.arsc.flat","720","7/1/2026 10:47:19 AM"
"E:\final-year-project\AutoDeliveryApp-local\app\build\intermediates\merged_res\debug\mergeDebugResources\values-watch-v21_values-watch-v21.arsc.flat","900","7/1/2026 10:47:19 AM"
"E:\final-year-project\AutoDeliveryApp-local\app\build\intermediates\merged_res\debug\mergeDebugResources\values-xlarge-v4_values-xlarge-v4.arsc.flat","576","7/1/2026 10:47:20 AM"
"E:\final-year-project\AutoDeliveryApp-local\app\build\intermediates\merged_res\debug\mergeDebugResources\values-zh-rCN_values-zh-rCN.arsc.flat","12324","7/1/2026 10:47:20 AM"
"E:\final-year-project\AutoDeliveryApp-local\app\build\intermediates\merged_res\debug\mergeDebugResources\values-zh-rHK_values-zh-rHK.arsc.flat","12364","7/1/2026 10:47:20 AM"
"E:\final-year-project\AutoDeliveryApp-local\app\build\intermediates\merged_res\debug\mergeDebugResources\values-zh-rTW_values-zh-rTW.arsc.flat","12360","7/1/2026 10:47:20 AM"
"E:\final-year-project\AutoDeliveryApp-local\app\build\intermediates\merged_res\debug\mergeDebugResources\values-zu_values-zu.arsc.flat","11468","7/1/2026 10:47:20 AM"
"E:\final-year-project\AutoDeliveryApp-local\app\build\intermediates\merged_res\debug\mergeDebugResources\values_values.arsc.flat","1065240","7/1/2026 10:47:20 AM"
"E:\final-year-project\AutoDeliveryApp-local\app\build\intermediates\merged_res\debug\mergeDebugResources\xml_backup_rules.xml.flat","152","7/1/2026 10:47:20 AM"
"E:\final-year-project\AutoDeliveryApp-local\app\build\intermediates\merged_res\debug\mergeDebugResources\xml_data_extraction_rules.xml.flat","192","7/1/2026 10:47:20 AM"
"E:\final-year-project\AutoDeliveryApp-local\app\build\intermediates\merged_res_blame_folder\debug\mergeDebugResources\out\multi-v2\mergeDebugResources.json","1186895","7/1/2026 10:47:19 AM"
"E:\final-year-project\AutoDeliveryApp-local\app\build\intermediates\merged_res_blame_folder\debug\mergeDebugResources\out\multi-v2\values-af.json","10359","7/1/2026 10:47:19 AM"
"E:\final-year-project\AutoDeliveryApp-local\app\build\intermediates\merged_res_blame_folder\debug\mergeDebugResources\out\multi-v2\values-am.json","10312","7/1/2026 10:47:19 AM"
"E:\final-year-project\AutoDeliveryApp-local\app\build\intermediates\merged_res_blame_folder\debug\mergeDebugResources\out\multi-v2\values-ar.json","10439","7/1/2026 10:47:19 AM"
"E:\final-year-project\AutoDeliveryApp-local\app\build\intermediates\merged_res_blame_folder\debug\mergeDebugResources\out\multi-v2\values-as.json","10371","7/1/2026 10:47:19 AM"
"E:\final-year-project\AutoDeliveryApp-local\app\build\intermediates\merged_res_blame_folder\debug\mergeDebugResources\out\multi-v2\values-az.json","10371","7/1/2026 10:47:19 AM"
"E:\final-year-project\AutoDeliveryApp-local\app\build\intermediates\merged_res_blame_folder\debug\mergeDebugResources\out\multi-v2\values-b+es+419.json","2419","7/1/2026 10:47:19 AM"
"E:\final-year-project\AutoDeliveryApp-local\app\build\intermediates\merged_res_blame_folder\debug\mergeDebugResources\out\multi-v2\values-b+sr+Latn.json","10464","7/1/2026 10:47:19 AM"
"E:\final-year-project\AutoDeliveryApp-local\app\build\intermediates\merged_res_blame_folder\debug\mergeDebugResources\out\multi-v2\values-be.json","10404","7/1/2026 10:47:19 AM"
"E:\final-year-project\AutoDeliveryApp-local\app\build\intermediates\merged_res_blame_folder\debug\mergeDebugResources\out\multi-v2\values-bg.json","11377","7/1/2026 10:47:19 AM"
"E:\final-year-project\AutoDeliveryApp-local\app\build\intermediates\merged_res_blame_folder\debug\mergeDebugResources\out\multi-v2\values-bn.json","10380","7/1/2026 10:47:19 AM"
"E:\final-year-project\AutoDeliveryApp-local\app\build\intermediates\merged_res_blame_folder\debug\mergeDebugResources\out\multi-v2\values-bs.json","10381","7/1/2026 10:47:19 AM"
"E:\final-year-project\AutoDeliveryApp-local\app\build\intermediates\merged_res_blame_folder\debug\mergeDebugResources\out\multi-v2\values-ca.json","11378","7/1/2026 10:47:19 AM"
"E:\final-year-project\AutoDeliveryApp-local\app\build\intermediates\merged_res_blame_folder\debug\mergeDebugResources\out\multi-v2\values-cs.json","11416","7/1/2026 10:47:19 AM"
"E:\final-year-project\AutoDeliveryApp-local\app\build\intermediates\merged_res_blame_folder\debug\mergeDebugResources\out\multi-v2\values-da.json","10356","7/1/2026 10:47:19 AM"
"E:\final-year-project\AutoDeliveryApp-local\app\build\intermediates\merged_res_blame_folder\debug\mergeDebugResources\out\multi-v2\values-de.json","10383","7/1/2026 10:47:19 AM"
"E:\final-year-project\AutoDeliveryApp-local\app\build\intermediates\merged_res_blame_folder\debug\mergeDebugResources\out\multi-v2\values-el.json","10396","7/1/2026 10:47:19 AM"
"E:\final-year-project\AutoDeliveryApp-local\app\build\intermediates\merged_res_blame_folder\debug\mergeDebugResources\out\multi-v2\values-en-rAU.json","3836","7/1/2026 10:47:19 AM"
"E:\final-year-project\AutoDeliveryApp-local\app\build\intermediates\merged_res_blame_folder\debug\mergeDebugResources\out\multi-v2\values-en-rCA.json","3836","7/1/2026 10:47:19 AM"
"E:\final-year-project\AutoDeliveryApp-local\app\build\intermediates\merged_res_blame_folder\debug\mergeDebugResources\out\multi-v2\values-en-rGB.json","10397","7/1/2026 10:47:19 AM"
"E:\final-year-project\AutoDeliveryApp-local\app\build\intermediates\merged_res_blame_folder\debug\mergeDebugResources\out\multi-v2\values-en-rIN.json","3836","7/1/2026 10:47:19 AM"
"E:\final-year-project\AutoDeliveryApp-local\app\build\intermediates\merged_res_blame_folder\debug\mergeDebugResources\out\multi-v2\values-en-rXC.json","3913","7/1/2026 10:47:19 AM"
"E:\final-year-project\AutoDeliveryApp-local\app\build\intermediates\merged_res_blame_folder\debug\mergeDebugResources\out\multi-v2\values-es-rUS.json","10429","7/1/2026 10:47:19 AM"
"E:\final-year-project\AutoDeliveryApp-local\app\build\intermediates\merged_res_blame_folder\debug\mergeDebugResources\out\multi-v2\values-es.json","11413","7/1/2026 10:47:19 AM"
"E:\final-year-project\AutoDeliveryApp-local\app\build\intermediates\merged_res_blame_folder\debug\mergeDebugResources\out\multi-v2\values-et.json","10366","7/1/2026 10:47:19 AM"
"E:\final-year-project\AutoDeliveryApp-local\app\build\intermediates\merged_res_blame_folder\debug\mergeDebugResources\out\multi-v2\values-eu.json","10377","7/1/2026 10:47:19 AM"
"E:\final-year-project\AutoDeliveryApp-local\app\build\intermediates\merged_res_blame_folder\debug\mergeDebugResources\out\multi-v2\values-fa.json","10362","7/1/2026 10:47:19 AM"
"E:\final-year-project\AutoDeliveryApp-local\app\build\intermediates\merged_res_blame_folder\debug\mergeDebugResources\out\multi-v2\values-fi.json","10356","7/1/2026 10:47:19 AM"
"E:\final-year-project\AutoDeliveryApp-local\app\build\intermediates\merged_res_blame_folder\debug\mergeDebugResources\out\multi-v2\values-fr-rCA.json","10442","7/1/2026 10:47:19 AM"
"E:\final-year-project\AutoDeliveryApp-local\app\build\intermediates\merged_res_blame_folder\debug\mergeDebugResources\out\multi-v2\values-fr.json","11418","7/1/2026 10:47:19 AM"
"E:\final-year-project\AutoDeliveryApp-local\app\build\intermediates\merged_res_blame_folder\debug\mergeDebugResources\out\multi-v2\values-gl.json","11416","7/1/2026 10:47:19 AM"
"E:\final-year-project\AutoDeliveryApp-local\app\build\intermediates\merged_res_blame_folder\debug\mergeDebugResources\out\multi-v2\values-gu.json","10362","7/1/2026 10:47:19 AM"
"E:\final-year-project\AutoDeliveryApp-local\app\build\intermediates\merged_res_blame_folder\debug\mergeDebugResources\out\multi-v2\values-h320dp-port-v13.json","739","7/1/2026 10:47:19 AM"
"E:\final-year-project\AutoDeliveryApp-local\app\build\intermediates\merged_res_blame_folder\debug\mergeDebugResources\out\multi-v2\values-h360dp-land-v13.json","860","7/1/2026 10:47:19 AM"
"E:\final-year-project\AutoDeliveryApp-local\app\build\intermediates\merged_res_blame_folder\debug\mergeDebugResources\out\multi-v2\values-h480dp-land-v13.json","860","7/1/2026 10:47:19 AM"
"E:\final-year-project\AutoDeliveryApp-local\app\build\intermediates\merged_res_blame_folder\debug\mergeDebugResources\out\multi-v2\values-h480dp-v13.json","764","7/1/2026 10:47:19 AM"
"E:\final-year-project\AutoDeliveryApp-local\app\build\intermediates\merged_res_blame_folder\debug\mergeDebugResources\out\multi-v2\values-h550dp-port-v13.json","739","7/1/2026 10:47:19 AM"
"E:\final-year-project\AutoDeliveryApp-local\app\build\intermediates\merged_res_blame_folder\debug\mergeDebugResources\out\multi-v2\values-h720dp-v13.json","719","7/1/2026 10:47:19 AM"
"E:\final-year-project\AutoDeliveryApp-local\app\build\intermediates\merged_res_blame_folder\debug\mergeDebugResources\out\multi-v2\values-hdpi-v4.json","748","7/1/2026 10:47:19 AM"
"E:\final-year-project\AutoDeliveryApp-local\app\build\intermediates\merged_res_blame_folder\debug\mergeDebugResources\out\multi-v2\values-he.json","786","7/1/2026 10:47:19 AM"
"E:\final-year-project\AutoDeliveryApp-local\app\build\intermediates\merged_res_blame_folder\debug\mergeDebugResources\out\multi-v2\values-hi.json","10378","7/1/2026 10:47:19 AM"
"E:\final-year-project\AutoDeliveryApp-local\app\build\intermediates\merged_res_blame_folder\debug\mergeDebugResources\out\multi-v2\values-hr.json","10377","7/1/2026 10:47:19 AM"
"E:\final-year-project\AutoDeliveryApp-local\app\build\intermediates\merged_res_blame_folder\debug\mergeDebugResources\out\multi-v2\values-hu.json","11329","7/1/2026 10:47:19 AM"
"E:\final-year-project\AutoDeliveryApp-local\app\build\intermediates\merged_res_blame_folder\debug\mergeDebugResources\out\multi-v2\values-hy.json","10370","7/1/2026 10:47:19 AM"
"E:\final-year-project\AutoDeliveryApp-local\app\build\intermediates\merged_res_blame_folder\debug\mergeDebugResources\out\multi-v2\values-in.json","10364","7/1/2026 10:47:19 AM"
"E:\final-year-project\AutoDeliveryApp-local\app\build\intermediates\merged_res_blame_folder\debug\mergeDebugResources\out\multi-v2\values-is.json","10358","7/1/2026 10:47:19 AM"
"E:\final-year-project\AutoDeliveryApp-local\app\build\intermediates\merged_res_blame_folder\debug\mergeDebugResources\out\multi-v2\values-it.json","10377","7/1/2026 10:47:19 AM"
"E:\final-year-project\AutoDeliveryApp-local\app\build\intermediates\merged_res_blame_folder\debug\mergeDebugResources\out\multi-v2\values-iw.json","11382","7/1/2026 10:47:19 AM"
"E:\final-year-project\AutoDeliveryApp-local\app\build\intermediates\merged_res_blame_folder\debug\mergeDebugResources\out\multi-v2\values-ja.json","10301","7/1/2026 10:47:19 AM"
"E:\final-year-project\AutoDeliveryApp-local\app\build\intermediates\merged_res_blame_folder\debug\mergeDebugResources\out\multi-v2\values-ka.json","10370","7/1/2026 10:47:19 AM"
"E:\final-year-project\AutoDeliveryApp-local\app\build\intermediates\merged_res_blame_folder\debug\mergeDebugResources\out\multi-v2\values-kk.json","10366","7/1/2026 10:47:19 AM"
"E:\final-year-project\AutoDeliveryApp-local\app\build\intermediates\merged_res_blame_folder\debug\mergeDebugResources\out\multi-v2\values-km.json","10357","7/1/2026 10:47:19 AM"
"E:\final-year-project\AutoDeliveryApp-local\app\build\intermediates\merged_res_blame_folder\debug\mergeDebugResources\out\multi-v2\values-kn.json","10378","7/1/2026 10:47:19 AM"
"E:\final-year-project\AutoDeliveryApp-local\app\build\intermediates\merged_res_blame_folder\debug\mergeDebugResources\out\multi-v2\values-ko.json","11314","7/1/2026 10:47:19 AM"
"E:\final-year-project\AutoDeliveryApp-local\app\build\intermediates\merged_res_blame_folder\debug\mergeDebugResources\out\multi-v2\values-ky.json","10380","7/1/2026 10:47:19 AM"
"E:\final-year-project\AutoDeliveryApp-local\app\build\intermediates\merged_res_blame_folder\debug\mergeDebugResources\out\multi-v2\values-land.json","2322","7/1/2026 10:47:19 AM"
"E:\final-year-project\AutoDeliveryApp-local\app\build\intermediates\merged_res_blame_folder\debug\mergeDebugResources\out\multi-v2\values-large-v4.json","1730","7/1/2026 10:47:19 AM"
"E:\final-year-project\AutoDeliveryApp-local\app\build\intermediates\merged_res_blame_folder\debug\mergeDebugResources\out\multi-v2\values-ldltr-v21.json","716","7/1/2026 10:47:19 AM"
"E:\final-year-project\AutoDeliveryApp-local\app\build\intermediates\merged_res_blame_folder\debug\mergeDebugResources\out\multi-v2\values-ldrtl-v17.json","732","7/1/2026 10:47:19 AM"
"E:\final-year-project\AutoDeliveryApp-local\app\build\intermediates\merged_res_blame_folder\debug\mergeDebugResources\out\multi-v2\values-lo.json","10356","7/1/2026 10:47:19 AM"
"E:\final-year-project\AutoDeliveryApp-local\app\build\intermediates\merged_res_blame_folder\debug\mergeDebugResources\out\multi-v2\values-lt.json","11393","7/1/2026 10:47:19 AM"
"E:\final-year-project\AutoDeliveryApp-local\app\build\intermediates\merged_res_blame_folder\debug\mergeDebugResources\out\multi-v2\values-lv.json","10415","7/1/2026 10:47:19 AM"
"E:\final-year-project\AutoDeliveryApp-local\app\build\intermediates\merged_res_blame_folder\debug\mergeDebugResources\out\multi-v2\values-mk.json","10378","7/1/2026 10:47:19 AM"
"E:\final-year-project\AutoDeliveryApp-local\app\build\intermediates\merged_res_blame_folder\debug\mergeDebugResources\out\multi-v2\values-ml.json","10400","7/1/2026 10:47:19 AM"
"E:\final-year-project\AutoDeliveryApp-local\app\build\intermediates\merged_res_blame_folder\debug\mergeDebugResources\out\multi-v2\values-mn.json","10374","7/1/2026 10:47:19 AM"
"E:\final-year-project\AutoDeliveryApp-local\app\build\intermediates\merged_res_blame_folder\debug\mergeDebugResources\out\multi-v2\values-mr.json","10368","7/1/2026 10:47:19 AM"
"E:\final-year-project\AutoDeliveryApp-local\app\build\intermediates\merged_res_blame_folder\debug\mergeDebugResources\out\multi-v2\values-ms.json","10376","7/1/2026 10:47:19 AM"
"E:\final-year-project\AutoDeliveryApp-local\app\build\intermediates\merged_res_blame_folder\debug\mergeDebugResources\out\multi-v2\values-my.json","10400","7/1/2026 10:47:19 AM"
"E:\final-year-project\AutoDeliveryApp-local\app\build\intermediates\merged_res_blame_folder\debug\mergeDebugResources\out\multi-v2\values-nb.json","10345","7/1/2026 10:47:19 AM"
"E:\final-year-project\AutoDeliveryApp-local\app\build\intermediates\merged_res_blame_folder\debug\mergeDebugResources\out\multi-v2\values-ne.json","10384","7/1/2026 10:47:19 AM"
"E:\final-year-project\AutoDeliveryApp-local\app\build\intermediates\merged_res_blame_folder\debug\mergeDebugResources\out\multi-v2\values-night-v8.json","4049","7/1/2026 10:47:19 AM"
"E:\final-year-project\AutoDeliveryApp-local\app\build\intermediates\merged_res_blame_folder\debug\mergeDebugResources\out\multi-v2\values-nl.json","11368","7/1/2026 10:47:19 AM"
"E:\final-year-project\AutoDeliveryApp-local\app\build\intermediates\merged_res_blame_folder\debug\mergeDebugResources\out\multi-v2\values-or.json","10378","7/1/2026 10:47:19 AM"
"E:\final-year-project\AutoDeliveryApp-local\app\build\intermediates\merged_res_blame_folder\debug\mergeDebugResources\out\multi-v2\values-pa.json","10359","7/1/2026 10:47:19 AM"
"E:\final-year-project\AutoDeliveryApp-local\app\build\intermediates\merged_res_blame_folder\debug\mergeDebugResources\out\multi-v2\values-pl.json","11413","7/1/2026 10:47:19 AM"
"E:\final-year-project\AutoDeliveryApp-local\app\build\intermediates\merged_res_blame_folder\debug\mergeDebugResources\out\multi-v2\values-port.json","695","7/1/2026 10:47:19 AM"
"E:\final-year-project\AutoDeliveryApp-local\app\build\intermediates\merged_res_blame_folder\debug\mergeDebugResources\out\multi-v2\values-pt-rBR.json","10427","7/1/2026 10:47:19 AM"
"E:\final-year-project\AutoDeliveryApp-local\app\build\intermediates\merged_res_blame_folder\debug\mergeDebugResources\out\multi-v2\values-pt-rPT.json","11466","7/1/2026 10:47:19 AM"
"E:\final-year-project\AutoDeliveryApp-local\app\build\intermediates\merged_res_blame_folder\debug\mergeDebugResources\out\multi-v2\values-pt.json","3816","7/1/2026 10:47:19 AM"
"E:\final-year-project\AutoDeliveryApp-local\app\build\intermediates\merged_res_blame_folder\debug\mergeDebugResources\out\multi-v2\values-ro.json","10392","7/1/2026 10:47:19 AM"
"E:\final-year-project\AutoDeliveryApp-local\app\build\intermediates\merged_res_blame_folder\debug\mergeDebugResources\out\multi-v2\values-ru.json","11424","7/1/2026 10:47:19 AM"
"E:\final-year-project\AutoDeliveryApp-local\app\build\intermediates\merged_res_blame_folder\debug\mergeDebugResources\out\multi-v2\values-si.json","10370","7/1/2026 10:47:19 AM"
"E:\final-year-project\AutoDeliveryApp-local\app\build\intermediates\merged_res_blame_folder\debug\mergeDebugResources\out\multi-v2\values-sk.json","10387","7/1/2026 10:47:19 AM"
"E:\final-year-project\AutoDeliveryApp-local\app\build\intermediates\merged_res_blame_folder\debug\mergeDebugResources\out\multi-v2\values-sl.json","10395","7/1/2026 10:47:19 AM"
"E:\final-year-project\AutoDeliveryApp-local\app\build\intermediates\merged_res_blame_folder\debug\mergeDebugResources\out\multi-v2\values-sq.json","10379","7/1/2026 10:47:19 AM"
"E:\final-year-project\AutoDeliveryApp-local\app\build\intermediates\merged_res_blame_folder\debug\mergeDebugResources\out\multi-v2\values-sr.json","10378","7/1/2026 10:47:19 AM"
"E:\final-year-project\AutoDeliveryApp-local\app\build\intermediates\merged_res_blame_folder\debug\mergeDebugResources\out\multi-v2\values-sv.json","11391","7/1/2026 10:47:19 AM"
"E:\final-year-project\AutoDeliveryApp-local\app\build\intermediates\merged_res_blame_folder\debug\mergeDebugResources\out\multi-v2\values-sw.json","10381","7/1/2026 10:47:19 AM"
"E:\final-year-project\AutoDeliveryApp-local\app\build\intermediates\merged_res_blame_folder\debug\mergeDebugResources\out\multi-v2\values-sw600dp-v13.json","2127","7/1/2026 10:47:19 AM"
"E:\final-year-project\AutoDeliveryApp-local\app\build\intermediates\merged_res_blame_folder\debug\mergeDebugResources\out\multi-v2\values-ta.json","10391","7/1/2026 10:47:19 AM"
"E:\final-year-project\AutoDeliveryApp-local\app\build\intermediates\merged_res_blame_folder\debug\mergeDebugResources\out\multi-v2\values-te.json","10385","7/1/2026 10:47:19 AM"
"E:\final-year-project\AutoDeliveryApp-local\app\build\intermediates\merged_res_blame_folder\debug\mergeDebugResources\out\multi-v2\values-th.json","10350","7/1/2026 10:47:19 AM"
"E:\final-year-project\AutoDeliveryApp-local\app\build\intermediates\merged_res_blame_folder\debug\mergeDebugResources\out\multi-v2\values-tl.json","10392","7/1/2026 10:47:19 AM"
"E:\final-year-project\AutoDeliveryApp-local\app\build\intermediates\merged_res_blame_folder\debug\mergeDebugResources\out\multi-v2\values-tr.json","10360","7/1/2026 10:47:19 AM"
"E:\final-year-project\AutoDeliveryApp-local\app\build\intermediates\merged_res_blame_folder\debug\mergeDebugResources\out\multi-v2\values-uk.json","11428","7/1/2026 10:47:19 AM"
"E:\final-year-project\AutoDeliveryApp-local\app\build\intermediates\merged_res_blame_folder\debug\mergeDebugResources\out\multi-v2\values-ur.json","10375","7/1/2026 10:47:19 AM"
"E:\final-year-project\AutoDeliveryApp-local\app\build\intermediates\merged_res_blame_folder\debug\mergeDebugResources\out\multi-v2\values-uz.json","10372","7/1/2026 10:47:19 AM"
"E:\final-year-project\AutoDeliveryApp-local\app\build\intermediates\merged_res_blame_folder\debug\mergeDebugResources\out\multi-v2\values-v16.json","732","7/1/2026 10:47:19 AM"
"E:\final-year-project\AutoDeliveryApp-local\app\build\intermediates\merged_res_blame_folder\debug\mergeDebugResources\out\multi-v2\values-v17.json","1056","7/1/2026 10:47:19 AM"
"E:\final-year-project\AutoDeliveryApp-local\app\build\intermediates\merged_res_blame_folder\debug\mergeDebugResources\out\multi-v2\values-v18.json","690","7/1/2026 10:47:19 AM"
"E:\final-year-project\AutoDeliveryApp-local\app\build\intermediates\merged_res_blame_folder\debug\mergeDebugResources\out\multi-v2\values-v21.json","7280","7/1/2026 10:47:19 AM"
"E:\final-year-project\AutoDeliveryApp-local\app\build\intermediates\merged_res_blame_folder\debug\mergeDebugResources\out\multi-v2\values-v22.json","784","7/1/2026 10:47:19 AM"
"E:\final-year-project\AutoDeliveryApp-local\app\build\intermediates\merged_res_blame_folder\debug\mergeDebugResources\out\multi-v2\values-v23.json","3097","7/1/2026 10:47:19 AM"
"E:\final-year-project\AutoDeliveryApp-local\app\build\intermediates\merged_res_blame_folder\debug\mergeDebugResources\out\multi-v2\values-v24.json","1831","7/1/2026 10:47:19 AM"
"E:\final-year-project\AutoDeliveryApp-local\app\build\intermediates\merged_res_blame_folder\debug\mergeDebugResources\out\multi-v2\values-v25.json","783","7/1/2026 10:47:19 AM"
"E:\final-year-project\AutoDeliveryApp-local\app\build\intermediates\merged_res_blame_folder\debug\mergeDebugResources\out\multi-v2\values-v26.json","822","7/1/2026 10:47:19 AM"
"E:\final-year-project\AutoDeliveryApp-local\app\build\intermediates\merged_res_blame_folder\debug\mergeDebugResources\out\multi-v2\values-v28.json","2466","7/1/2026 10:47:19 AM"
"E:\final-year-project\AutoDeliveryApp-local\app\build\intermediates\merged_res_blame_folder\debug\mergeDebugResources\out\multi-v2\values-v31.json","5736","7/1/2026 10:47:19 AM"
"E:\final-year-project\AutoDeliveryApp-local\app\build\intermediates\merged_res_blame_folder\debug\mergeDebugResources\out\multi-v2\values-v34.json","2305","7/1/2026 10:47:19 AM"
"E:\final-year-project\AutoDeliveryApp-local\app\build\intermediates\merged_res_blame_folder\debug\mergeDebugResources\out\multi-v2\values-v35.json","737","7/1/2026 10:47:19 AM"
"E:\final-year-project\AutoDeliveryApp-local\app\build\intermediates\merged_res_blame_folder\debug\mergeDebugResources\out\multi-v2\values-vi.json","11395","7/1/2026 10:47:19 AM"
"E:\final-year-project\AutoDeliveryApp-local\app\build\intermediates\merged_res_blame_folder\debug\mergeDebugResources\out\multi-v2\values-w320dp-land-v13.json","754","7/1/2026 10:47:19 AM"
"E:\final-year-project\AutoDeliveryApp-local\app\build\intermediates\merged_res_blame_folder\debug\mergeDebugResources\out\multi-v2\values-w360dp-port-v13.json","844","7/1/2026 10:47:19 AM"
"E:\final-year-project\AutoDeliveryApp-local\app\build\intermediates\merged_res_blame_folder\debug\mergeDebugResources\out\multi-v2\values-w400dp-port-v13.json","844","7/1/2026 10:47:19 AM"
"E:\final-year-project\AutoDeliveryApp-local\app\build\intermediates\merged_res_blame_folder\debug\mergeDebugResources\out\multi-v2\values-w600dp-land-v13.json","739","7/1/2026 10:47:19 AM"
"E:\final-year-project\AutoDeliveryApp-local\app\build\intermediates\merged_res_blame_folder\debug\mergeDebugResources\out\multi-v2\values-watch-v20.json","791","7/1/2026 10:47:19 AM"
"E:\final-year-project\AutoDeliveryApp-local\app\build\intermediates\merged_res_blame_folder\debug\mergeDebugResources\out\multi-v2\values-watch-v21.json","792","7/1/2026 10:47:19 AM"
"E:\final-year-project\AutoDeliveryApp-local\app\build\intermediates\merged_res_blame_folder\debug\mergeDebugResources\out\multi-v2\values-xlarge-v4.json","790","7/1/2026 10:47:19 AM"
"E:\final-year-project\AutoDeliveryApp-local\app\build\intermediates\merged_res_blame_folder\debug\mergeDebugResources\out\multi-v2\values-zh-rCN.json","11354","7/1/2026 10:47:19 AM"
"E:\final-year-project\AutoDeliveryApp-local\app\build\intermediates\merged_res_blame_folder\debug\mergeDebugResources\out\multi-v2\values-zh-rHK.json","11355","7/1/2026 10:47:19 AM"
"E:\final-year-project\AutoDeliveryApp-local\app\build\intermediates\merged_res_blame_folder\debug\mergeDebugResources\out\multi-v2\values-zh-rTW.json","11352","7/1/2026 10:47:19 AM"
"E:\final-year-project\AutoDeliveryApp-local\app\build\intermediates\merged_res_blame_folder\debug\mergeDebugResources\out\multi-v2\values-zu.json","10379","7/1/2026 10:47:19 AM"
"E:\final-year-project\AutoDeliveryApp-local\app\build\intermediates\merged_res_blame_folder\debug\mergeDebugResources\out\multi-v2\values.json","265907","7/1/2026 10:47:19 AM"
"E:\final-year-project\AutoDeliveryApp-local\app\build\intermediates\merged_res_blame_folder\debug\mergeDebugResources\out\single\layout.json","2412","7/1/2026 10:47:19 AM"
"E:\final-year-project\AutoDeliveryApp-local\app\build\intermediates\merged_res_blame_folder\debug\mergeDebugResources\out\single\mergeDebugResources.json","5716","7/1/2026 10:47:19 AM"
"E:\final-year-project\AutoDeliveryApp-local\app\build\intermediates\navigation_json\debug\extractDeepLinksDebug\navigation.json","2","7/1/2026 10:47:27 AM"
"E:\final-year-project\AutoDeliveryApp-local\app\build\intermediates\nested_resources_validation_report\debug\generateDebugResources\nestedResourcesValidationReport.txt","15","7/1/2026 10:47:17 AM"
"E:\final-year-project\AutoDeliveryApp-local\app\build\intermediates\packaged_manifests\debug\processDebugManifestForPackage\AndroidManifest.xml","12072","7/1/2026 10:47:27 AM"
"E:\final-year-project\AutoDeliveryApp-local\app\build\intermediates\packaged_manifests\debug\processDebugManifestForPackage\output-metadata.json","398","7/1/2026 10:47:27 AM"
"E:\final-year-project\AutoDeliveryApp-local\app\build\intermediates\packaged_res\debug\packageDebugResources\color\bottom_nav_color.xml","247","3/24/2026 2:03:08 PM"
"E:\final-year-project\AutoDeliveryApp-local\app\build\intermediates\packaged_res\debug\packageDebugResources\drawable\bg_bottom_sheet_rounded.xml","277","6/26/2026 1:52:47 AM"
"E:\final-year-project\AutoDeliveryApp-local\app\build\intermediates\packaged_res\debug\packageDebugResources\drawable\bg_button_green.xml","205","5/27/2026 10:55:27 PM"
"E:\final-year-project\AutoDeliveryApp-local\app\build\intermediates\packaged_res\debug\packageDebugResources\drawable\bg_card_outlined.xml","267","5/27/2026 10:55:29 PM"
"E:\final-year-project\AutoDeliveryApp-local\app\build\intermediates\packaged_res\debug\packageDebugResources\drawable\bg_tag_blue.xml","188","5/25/2026 4:43:37 PM"
"E:\final-year-project\AutoDeliveryApp-local\app\build\intermediates\packaged_res\debug\packageDebugResources\drawable\bg_tag_green.xml","191","3/24/2026 2:06:54 PM"
"E:\final-year-project\AutoDeliveryApp-local\app\build\intermediates\packaged_res\debug\packageDebugResources\drawable\bg_tag_orange.xml","191","3/24/2026 2:07:24 PM"
"E:\final-year-project\AutoDeliveryApp-local\app\build\intermediates\packaged_res\debug\packageDebugResources\drawable\bg_tag_red.xml","204","3/24/2026 2:07:43 PM"
"E:\final-year-project\AutoDeliveryApp-local\app\build\intermediates\packaged_res\debug\packageDebugResources\drawable\ic_back.xml","318","3/24/2026 2:06:02 PM"
"E:\final-year-project\AutoDeliveryApp-local\app\build\intermediates\packaged_res\debug\packageDebugResources\drawable\ic_nav_history.xml","481","3/24/2026 2:05:15 PM"
"E:\final-year-project\AutoDeliveryApp-local\app\build\intermediates\packaged_res\debug\packageDebugResources\drawable\ic_nav_home.xml","291","3/24/2026 2:04:53 PM"
"E:\final-year-project\AutoDeliveryApp-local\app\build\intermediates\packaged_res\debug\packageDebugResources\drawable\ic_nav_notification.xml","439","3/24/2026 2:05:32 PM"
"E:\final-year-project\AutoDeliveryApp-local\app\build\intermediates\packaged_res\debug\packageDebugResources\drawable\ic_nav_profile.xml","381","3/24/2026 2:05:46 PM"
"E:\final-year-project\AutoDeliveryApp-local\app\build\intermediates\packaged_res\debug\packageDebugResources\layout\activity_create_task.xml","13763","7/1/2026 10:45:04 AM"
"E:\final-year-project\AutoDeliveryApp-local\app\build\intermediates\packaged_res\debug\packageDebugResources\layout\activity_forgot_password.xml","4334","7/1/2026 10:15:14 AM"
"E:\final-year-project\AutoDeliveryApp-local\app\build\intermediates\packaged_res\debug\packageDebugResources\layout\activity_history.xml","2174","7/1/2026 12:42:09 AM"
"E:\final-year-project\AutoDeliveryApp-local\app\build\intermediates\packaged_res\debug\packageDebugResources\layout\activity_login.xml","4645","7/1/2026 10:15:14 AM"
"E:\final-year-project\AutoDeliveryApp-local\app\build\intermediates\packaged_res\debug\packageDebugResources\layout\activity_main.xml","9653","7/1/2026 10:15:14 AM"
"E:\final-year-project\AutoDeliveryApp-local\app\build\intermediates\packaged_res\debug\packageDebugResources\layout\activity_notification.xml","2551","7/1/2026 12:42:09 AM"
"E:\final-year-project\AutoDeliveryApp-local\app\build\intermediates\packaged_res\debug\packageDebugResources\layout\activity_profile.xml","7372","7/1/2026 10:45:21 AM"
"E:\final-year-project\AutoDeliveryApp-local\app\build\intermediates\packaged_res\debug\packageDebugResources\layout\activity_register.xml","5656","7/1/2026 12:42:09 AM"
"E:\final-year-project\AutoDeliveryApp-local\app\build\intermediates\packaged_res\debug\packageDebugResources\layout\activity_tracking.xml","14424","7/1/2026 10:15:14 AM"
"E:\final-year-project\AutoDeliveryApp-local\app\build\intermediates\packaged_res\debug\packageDebugResources\layout\item_active_task.xml","3116","7/1/2026 10:15:14 AM"
"E:\final-year-project\AutoDeliveryApp-local\app\build\intermediates\packaged_res\debug\packageDebugResources\layout\item_history.xml","3336","7/1/2026 8:25:56 AM"
"E:\final-year-project\AutoDeliveryApp-local\app\build\intermediates\packaged_res\debug\packageDebugResources\layout\item_notification.xml","2340","7/1/2026 10:15:14 AM"
"E:\final-year-project\AutoDeliveryApp-local\app\build\intermediates\packaged_res\debug\packageDebugResources\menu\bottom_nav_menu.xml","622","6/30/2026 11:29:59 PM"
"E:\final-year-project\AutoDeliveryApp-local\app\build\intermediates\packaged_res\debug\packageDebugResources\mipmap-hdpi-v4\ic_launcher.webp","1404","2/24/2026 7:24:53 AM"
"E:\final-year-project\AutoDeliveryApp-local\app\build\intermediates\packaged_res\debug\packageDebugResources\mipmap-hdpi-v4\ic_launcher_round.webp","2898","2/24/2026 7:24:53 AM"
"E:\final-year-project\AutoDeliveryApp-local\app\build\intermediates\packaged_res\debug\packageDebugResources\values\values.xml","6055","7/1/2026 10:47:19 AM"
"E:\final-year-project\AutoDeliveryApp-local\app\build\intermediates\packaged_res\debug\packageDebugResources\values-night-v8\values-night-v8.xml","264","7/1/2026 10:47:19 AM"
"E:\final-year-project\AutoDeliveryApp-local\app\build\intermediates\packaged_res\debug\packageDebugResources\xml\backup_rules.xml","478","2/24/2026 7:24:54 AM"
"E:\final-year-project\AutoDeliveryApp-local\app\build\intermediates\packaged_res\debug\packageDebugResources\xml\data_extraction_rules.xml","551","2/24/2026 7:24:54 AM"
"E:\final-year-project\AutoDeliveryApp-local\app\build\intermediates\project_dex_archive\debug\dexBuilderDebug\out\b41d3c4dbefcacaf3004a5485ee16ee2ca0c7670e293789a0735c7208c947c5c_0.jar","4490","7/1/2026 10:47:30 AM"
"E:\final-year-project\AutoDeliveryApp-local\app\build\intermediates\project_dex_archive\debug\dexBuilderDebug\out\b41d3c4dbefcacaf3004a5485ee16ee2ca0c7670e293789a0735c7208c947c5c_1.jar","12989","7/1/2026 10:47:30 AM"
"E:\final-year-project\AutoDeliveryApp-local\app\build\intermediates\project_dex_archive\debug\dexBuilderDebug\out\b41d3c4dbefcacaf3004a5485ee16ee2ca0c7670e293789a0735c7208c947c5c_2.jar","23385","7/1/2026 10:47:30 AM"
"E:\final-year-project\AutoDeliveryApp-local\app\build\intermediates\project_dex_archive\debug\dexBuilderDebug\out\b41d3c4dbefcacaf3004a5485ee16ee2ca0c7670e293789a0735c7208c947c5c_3.jar","7425","7/1/2026 10:47:29 AM"
"E:\final-year-project\AutoDeliveryApp-local\app\build\intermediates\project_dex_archive\debug\dexBuilderDebug\out\b41d3c4dbefcacaf3004a5485ee16ee2ca0c7670e293789a0735c7208c947c5c_4.jar","9259","7/1/2026 10:47:29 AM"
"E:\final-year-project\AutoDeliveryApp-local\app\build\intermediates\project_dex_archive\debug\dexBuilderDebug\out\b41d3c4dbefcacaf3004a5485ee16ee2ca0c7670e293789a0735c7208c947c5c_5.jar","33705","7/1/2026 10:47:30 AM"
"E:\final-year-project\AutoDeliveryApp-local\app\build\intermediates\project_dex_archive\debug\dexBuilderDebug\out\b41d3c4dbefcacaf3004a5485ee16ee2ca0c7670e293789a0735c7208c947c5c_6.jar","6937","7/1/2026 10:47:30 AM"
"E:\final-year-project\AutoDeliveryApp-local\app\build\intermediates\project_dex_archive\debug\dexBuilderDebug\out\b41d3c4dbefcacaf3004a5485ee16ee2ca0c7670e293789a0735c7208c947c5c_7.jar","71849","7/1/2026 10:47:30 AM"
"E:\final-year-project\AutoDeliveryApp-local\app\build\intermediates\project_dex_archive\debug\dexBuilderDebug\out\com\example\autodeliveryapp\BottomNavActivity.dex","3088","7/1/2026 10:47:30 AM"
"E:\final-year-project\AutoDeliveryApp-local\app\build\intermediates\project_dex_archive\debug\dexBuilderDebug\out\com\example\autodeliveryapp\BuildConfig.dex","1496","7/1/2026 10:47:30 AM"
"E:\final-year-project\AutoDeliveryApp-local\app\build\intermediates\project_dex_archive\debug\dexBuilderDebug\out\com\example\autodeliveryapp\Constants.dex","2568","7/1/2026 10:47:30 AM"
"E:\final-year-project\AutoDeliveryApp-local\app\build\intermediates\project_dex_archive\debug\dexBuilderDebug\out\com\example\autodeliveryapp\CreateTaskActivity$1.dex","2548","7/1/2026 10:47:30 AM"
"E:\final-year-project\AutoDeliveryApp-local\app\build\intermediates\project_dex_archive\debug\dexBuilderDebug\out\com\example\autodeliveryapp\CreateTaskActivity$2.dex","2456","7/1/2026 10:47:30 AM"
"E:\final-year-project\AutoDeliveryApp-local\app\build\intermediates\project_dex_archive\debug\dexBuilderDebug\out\com\example\autodeliveryapp\CreateTaskActivity$3.dex","5576","7/1/2026 10:47:30 AM"
"E:\final-year-project\AutoDeliveryApp-local\app\build\intermediates\project_dex_archive\debug\dexBuilderDebug\out\com\example\autodeliveryapp\CreateTaskActivity$4.dex","7332","7/1/2026 10:47:30 AM"
"E:\final-year-project\AutoDeliveryApp-local\app\build\intermediates\project_dex_archive\debug\dexBuilderDebug\out\com\example\autodeliveryapp\CreateTaskActivity$5.dex","2816","7/1/2026 10:47:30 AM"
"E:\final-year-project\AutoDeliveryApp-local\app\build\intermediates\project_dex_archive\debug\dexBuilderDebug\out\com\example\autodeliveryapp\CreateTaskActivity$6.dex","2896","7/1/2026 10:47:30 AM"
"E:\final-year-project\AutoDeliveryApp-local\app\build\intermediates\project_dex_archive\debug\dexBuilderDebug\out\com\example\autodeliveryapp\CreateTaskActivity$7.dex","3184","7/1/2026 10:47:30 AM"
"E:\final-year-project\AutoDeliveryApp-local\app\build\intermediates\project_dex_archive\debug\dexBuilderDebug\out\com\example\autodeliveryapp\CreateTaskActivity.dex","34736","7/1/2026 10:47:30 AM"
"E:\final-year-project\AutoDeliveryApp-local\app\build\intermediates\project_dex_archive\debug\dexBuilderDebug\out\com\example\autodeliveryapp\EdgeToEdgeHelper.dex","4384","7/1/2026 10:47:30 AM"
"E:\final-year-project\AutoDeliveryApp-local\app\build\intermediates\project_dex_archive\debug\dexBuilderDebug\out\com\example\autodeliveryapp\FCMNotificationService.dex","7472","7/1/2026 10:47:30 AM"
"E:\final-year-project\AutoDeliveryApp-local\app\build\intermediates\project_dex_archive\debug\dexBuilderDebug\out\com\example\autodeliveryapp\ForgotPasswordActivity.dex","7104","7/1/2026 10:47:30 AM"
"E:\final-year-project\AutoDeliveryApp-local\app\build\intermediates\project_dex_archive\debug\dexBuilderDebug\out\com\example\autodeliveryapp\HistoryActivity$1.dex","4744","7/1/2026 10:47:30 AM"
"E:\final-year-project\AutoDeliveryApp-local\app\build\intermediates\project_dex_archive\debug\dexBuilderDebug\out\com\example\autodeliveryapp\HistoryActivity.dex","5212","7/1/2026 10:47:30 AM"
"E:\final-year-project\AutoDeliveryApp-local\app\build\intermediates\project_dex_archive\debug\dexBuilderDebug\out\com\example\autodeliveryapp\LoginActivity$1.dex","2860","7/1/2026 10:47:30 AM"
"E:\final-year-project\AutoDeliveryApp-local\app\build\intermediates\project_dex_archive\debug\dexBuilderDebug\out\com\example\autodeliveryapp\LoginActivity$2.dex","3304","7/1/2026 10:47:30 AM"
"E:\final-year-project\AutoDeliveryApp-local\app\build\intermediates\project_dex_archive\debug\dexBuilderDebug\out\com\example\autodeliveryapp\LoginActivity$3.dex","3428","7/1/2026 10:47:30 AM"
"E:\final-year-project\AutoDeliveryApp-local\app\build\intermediates\project_dex_archive\debug\dexBuilderDebug\out\com\example\autodeliveryapp\LoginActivity.dex","10488","7/1/2026 10:47:30 AM"
"E:\final-year-project\AutoDeliveryApp-local\app\build\intermediates\project_dex_archive\debug\dexBuilderDebug\out\com\example\autodeliveryapp\MainActivity$1.dex","3940","7/1/2026 10:47:30 AM"
"E:\final-year-project\AutoDeliveryApp-local\app\build\intermediates\project_dex_archive\debug\dexBuilderDebug\out\com\example\autodeliveryapp\MainActivity$2.dex","2500","7/1/2026 10:47:30 AM"
"E:\final-year-project\AutoDeliveryApp-local\app\build\intermediates\project_dex_archive\debug\dexBuilderDebug\out\com\example\autodeliveryapp\MainActivity.dex","7744","7/1/2026 10:47:30 AM"
"E:\final-year-project\AutoDeliveryApp-local\app\build\intermediates\project_dex_archive\debug\dexBuilderDebug\out\com\example\autodeliveryapp\NotificationActivity$1.dex","3476","7/1/2026 10:47:30 AM"
"E:\final-year-project\AutoDeliveryApp-local\app\build\intermediates\project_dex_archive\debug\dexBuilderDebug\out\com\example\autodeliveryapp\NotificationActivity.dex","4208","7/1/2026 10:47:30 AM"
"E:\final-year-project\AutoDeliveryApp-local\app\build\intermediates\project_dex_archive\debug\dexBuilderDebug\out\com\example\autodeliveryapp\ProfileActivity$1.dex","2868","7/1/2026 10:47:30 AM"
"E:\final-year-project\AutoDeliveryApp-local\app\build\intermediates\project_dex_archive\debug\dexBuilderDebug\out\com\example\autodeliveryapp\ProfileActivity.dex","4192","7/1/2026 10:47:30 AM"
"E:\final-year-project\AutoDeliveryApp-local\app\build\intermediates\project_dex_archive\debug\dexBuilderDebug\out\com\example\autodeliveryapp\RegisterActivity.dex","11248","7/1/2026 10:47:30 AM"
"E:\final-year-project\AutoDeliveryApp-local\app\build\intermediates\project_dex_archive\debug\dexBuilderDebug\out\com\example\autodeliveryapp\TrackingActivity.dex","23324","7/1/2026 10:47:30 AM"
"E:\final-year-project\AutoDeliveryApp-local\app\build\intermediates\project_dex_archive\debug\dexBuilderDebug\out\com\example\autodeliveryapp\adapters\ActiveTaskAdapter$OnTaskClickListener.dex","1036","7/1/2026 10:47:30 AM"
"E:\final-year-project\AutoDeliveryApp-local\app\build\intermediates\project_dex_archive\debug\dexBuilderDebug\out\com\example\autodeliveryapp\adapters\ActiveTaskAdapter$ViewHolder.dex","1384","7/1/2026 10:47:30 AM"
"E:\final-year-project\AutoDeliveryApp-local\app\build\intermediates\project_dex_archive\debug\dexBuilderDebug\out\com\example\autodeliveryapp\adapters\ActiveTaskAdapter.dex","4936","7/1/2026 10:47:30 AM"
"E:\final-year-project\AutoDeliveryApp-local\app\build\intermediates\project_dex_archive\debug\dexBuilderDebug\out\com\example\autodeliveryapp\adapters\HistoryAdapter$ViewHolder.dex","1368","7/1/2026 10:47:30 AM"
"E:\final-year-project\AutoDeliveryApp-local\app\build\intermediates\project_dex_archive\debug\dexBuilderDebug\out\com\example\autodeliveryapp\adapters\HistoryAdapter.dex","3944","7/1/2026 10:47:30 AM"
"E:\final-year-project\AutoDeliveryApp-local\app\build\intermediates\project_dex_archive\debug\dexBuilderDebug\out\com\example\autodeliveryapp\adapters\NotificationAdapter$1.dex","2968","7/1/2026 10:47:30 AM"
"E:\final-year-project\AutoDeliveryApp-local\app\build\intermediates\project_dex_archive\debug\dexBuilderDebug\out\com\example\autodeliveryapp\adapters\NotificationAdapter$ViewHolder.dex","1392","7/1/2026 10:47:30 AM"
"E:\final-year-project\AutoDeliveryApp-local\app\build\intermediates\project_dex_archive\debug\dexBuilderDebug\out\com\example\autodeliveryapp\adapters\NotificationAdapter.dex","5960","7/1/2026 10:47:30 AM"
"E:\final-year-project\AutoDeliveryApp-local\app\build\intermediates\project_dex_archive\debug\dexBuilderDebug\out\com\example\autodeliveryapp\data\HistoryItem.dex","1264","7/1/2026 10:47:30 AM"
"E:\final-year-project\AutoDeliveryApp-local\app\build\intermediates\project_dex_archive\debug\dexBuilderDebug\out\com\example\autodeliveryapp\data\NotificationItem.dex","2132","7/1/2026 10:47:30 AM"
"E:\final-year-project\AutoDeliveryApp-local\app\build\intermediates\project_dex_archive\debug\dexBuilderDebug\out\com\example\autodeliveryapp\databinding\ActivityCreateTaskBinding.dex","4416","7/1/2026 10:47:30 AM"
"E:\final-year-project\AutoDeliveryApp-local\app\build\intermediates\project_dex_archive\debug\dexBuilderDebug\out\com\example\autodeliveryapp\databinding\ActivityForgotPasswordBinding.dex","3308","7/1/2026 10:47:30 AM"
"E:\final-year-project\AutoDeliveryApp-local\app\build\intermediates\project_dex_archive\debug\dexBuilderDebug\out\com\example\autodeliveryapp\databinding\ActivityHistoryBinding.dex","2892","7/1/2026 10:47:30 AM"
"E:\final-year-project\AutoDeliveryApp-local\app\build\intermediates\project_dex_archive\debug\dexBuilderDebug\out\com\example\autodeliveryapp\databinding\ActivityLoginBinding.dex","3144","7/1/2026 10:47:30 AM"
"E:\final-year-project\AutoDeliveryApp-local\app\build\intermediates\project_dex_archive\debug\dexBuilderDebug\out\com\example\autodeliveryapp\databinding\ActivityMainBinding.dex","3340","7/1/2026 10:47:30 AM"
"E:\final-year-project\AutoDeliveryApp-local\app\build\intermediates\project_dex_archive\debug\dexBuilderDebug\out\com\example\autodeliveryapp\databinding\ActivityNotificationBinding.dex","3052","7/1/2026 10:47:30 AM"
"E:\final-year-project\AutoDeliveryApp-local\app\build\intermediates\project_dex_archive\debug\dexBuilderDebug\out\com\example\autodeliveryapp\databinding\ActivityProfileBinding.dex","3208","7/1/2026 10:47:30 AM"
"E:\final-year-project\AutoDeliveryApp-local\app\build\intermediates\project_dex_archive\debug\dexBuilderDebug\out\com\example\autodeliveryapp\databinding\ActivityRegisterBinding.dex","3364","7/1/2026 10:47:30 AM"
"E:\final-year-project\AutoDeliveryApp-local\app\build\intermediates\project_dex_archive\debug\dexBuilderDebug\out\com\example\autodeliveryapp\databinding\ActivityTrackingBinding.dex","3628","7/1/2026 10:47:30 AM"
"E:\final-year-project\AutoDeliveryApp-local\app\build\intermediates\project_dex_archive\debug\dexBuilderDebug\out\com\example\autodeliveryapp\databinding\ItemActiveTaskBinding.dex","2748","7/1/2026 10:47:30 AM"
"E:\final-year-project\AutoDeliveryApp-local\app\build\intermediates\project_dex_archive\debug\dexBuilderDebug\out\com\example\autodeliveryapp\databinding\ItemHistoryBinding.dex","2900","7/1/2026 10:47:30 AM"
"E:\final-year-project\AutoDeliveryApp-local\app\build\intermediates\project_dex_archive\debug\dexBuilderDebug\out\com\example\autodeliveryapp\databinding\ItemNotificationBinding.dex","2828","7/1/2026 10:47:30 AM"
"E:\final-year-project\AutoDeliveryApp-local\app\build\intermediates\project_dex_archive\debug\dexBuilderDebug\out\com\example\autodeliveryapp\model\RobotAck.dex","856","7/1/2026 10:47:30 AM"
"E:\final-year-project\AutoDeliveryApp-local\app\build\intermediates\project_dex_archive\debug\dexBuilderDebug\out\com\example\autodeliveryapp\model\RobotCommand.dex","1048","7/1/2026 10:47:30 AM"
"E:\final-year-project\AutoDeliveryApp-local\app\build\intermediates\project_dex_archive\debug\dexBuilderDebug\out\com\example\autodeliveryapp\model\RobotStatusMessage.dex","868","7/1/2026 10:47:30 AM"
"E:\final-year-project\AutoDeliveryApp-local\app\build\intermediates\project_dex_archive\debug\dexBuilderDebug\out\com\example\autodeliveryapp\model\RobotTelemetry.dex","972","7/1/2026 10:47:30 AM"
"E:\final-year-project\AutoDeliveryApp-local\app\build\intermediates\project_dex_archive\debug\dexBuilderDebug\out\com\example\autodeliveryapp\mqtt\MqttConfig.dex","1156","7/1/2026 10:47:30 AM"
"E:\final-year-project\AutoDeliveryApp-local\app\build\intermediates\project_dex_archive\debug\dexBuilderDebug\out\com\example\autodeliveryapp\mqtt\MqttFirebaseBridge.dex","9748","7/1/2026 10:47:30 AM"
"E:\final-year-project\AutoDeliveryApp-local\app\build\intermediates\project_dex_archive\debug\dexBuilderDebug\out\com\example\autodeliveryapp\mqtt\MqttListener.dex","1220","7/1/2026 10:47:30 AM"
"E:\final-year-project\AutoDeliveryApp-local\app\build\intermediates\project_dex_archive\debug\dexBuilderDebug\out\com\example\autodeliveryapp\mqtt\MqttManager.dex","16548","7/1/2026 10:47:30 AM"
"E:\final-year-project\AutoDeliveryApp-local\app\build\intermediates\project_dex_archive\debug\dexBuilderDebug\out\com\example\autodeliveryapp\mqtt\MqttPayloadParser.dex","4468","7/1/2026 10:47:30 AM"
"E:\final-year-project\AutoDeliveryApp-local\app\build\intermediates\project_dex_archive\debug\dexBuilderDebug\out\com\example\autodeliveryapp\mqtt\MqttTopics.dex","2148","7/1/2026 10:47:30 AM"
"E:\final-year-project\AutoDeliveryApp-local\app\build\intermediates\project_dex_archive\debug\dexBuilderDebug\out\com\example\autodeliveryapp\utils\NotificationUtils.dex","3936","7/1/2026 10:47:30 AM"
"E:\final-year-project\AutoDeliveryApp-local\app\build\intermediates\project_dex_archive\debug\dexBuilderDebug\out\com\example\autodeliveryapp\utils\PhoneUtils.dex","2172","7/1/2026 10:47:30 AM"
"E:\final-year-project\AutoDeliveryApp-local\app\build\intermediates\project_dex_archive\debug\dexBuilderDebug\out\com\example\autodeliveryapp\utils\SlotUtils.dex","4312","7/1/2026 10:47:30 AM"
"E:\final-year-project\AutoDeliveryApp-local\app\build\intermediates\project_dex_archive\debug\dexBuilderDebug\out\com\example\autodeliveryapp\utils\TaskStatus.dex","1184","7/1/2026 10:47:30 AM"
"E:\final-year-project\AutoDeliveryApp-local\app\build\intermediates\runtime_symbol_list\debug\processDebugResources\R.txt","463067","7/1/2026 10:47:28 AM"
"E:\final-year-project\AutoDeliveryApp-local\app\build\intermediates\signing_config_versions\debug\writeDebugSigningConfigVersions\signing-config-versions.json","96","7/1/2026 10:47:27 AM"
"E:\final-year-project\AutoDeliveryApp-local\app\build\intermediates\stable_resource_ids_file\debug\processDebugResources\stableIds.txt","545607","7/1/2026 10:47:28 AM"
"E:\final-year-project\AutoDeliveryApp-local\app\build\intermediates\stripped_native_libs\debug\stripDebugDebugSymbols\out\lib\arm64-v8a\libmaplibre.so","10579776","7/1/2026 10:47:27 AM"
"E:\final-year-project\AutoDeliveryApp-local\app\build\intermediates\stripped_native_libs\debug\stripDebugDebugSymbols\out\lib\armeabi-v7a\libmaplibre.so","7885316","7/1/2026 10:47:27 AM"
"E:\final-year-project\AutoDeliveryApp-local\app\build\intermediates\stripped_native_libs\debug\stripDebugDebugSymbols\out\lib\x86\libmaplibre.so","11137508","7/1/2026 10:47:28 AM"
"E:\final-year-project\AutoDeliveryApp-local\app\build\intermediates\stripped_native_libs\debug\stripDebugDebugSymbols\out\lib\x86_64\libmaplibre.so","11257032","7/1/2026 10:47:28 AM"
"E:\final-year-project\AutoDeliveryApp-local\app\build\intermediates\symbol_list_with_package_name\debug\generateDebugRFile\package-aware-r.txt","3864","7/1/2026 10:47:22 AM"
"E:\final-year-project\AutoDeliveryApp-local\app\build\outputs\apk\debug\app-debug.apk","52581592","7/1/2026 10:47:32 AM"
"E:\final-year-project\AutoDeliveryApp-local\app\build\outputs\apk\debug\output-metadata.json","409","7/1/2026 10:47:32 AM"
"E:\final-year-project\AutoDeliveryApp-local\app\build\outputs\logs\manifest-merger-debug-report.txt","123110","7/1/2026 10:47:27 AM"
"E:\final-year-project\AutoDeliveryApp-local\app\build\tmp\compileDebugJavaWithJavac\previous-compilation-data.bin","137351","7/1/2026 10:47:26 AM"
"E:\final-year-project\AutoDeliveryApp-local\app\src\androidTest\java\com\example\autodeliveryapp\ExampleInstrumentedTest.java","768","2/24/2026 7:24:54 AM"
"E:\final-year-project\AutoDeliveryApp-local\app\src\main\AndroidManifest.xml","2166","7/1/2026 8:25:56 AM"
"E:\final-year-project\AutoDeliveryApp-local\app\src\main\java\com\example\autodeliveryapp\BottomNavActivity.java","1281","7/1/2026 8:23:32 AM"
"E:\final-year-project\AutoDeliveryApp-local\app\src\main\java\com\example\autodeliveryapp\Constants.java","2421","7/1/2026 8:26:38 AM"
"E:\final-year-project\AutoDeliveryApp-local\app\src\main\java\com\example\autodeliveryapp\CreateTaskActivity.java","42788","7/1/2026 10:44:49 AM"
"E:\final-year-project\AutoDeliveryApp-local\app\src\main\java\com\example\autodeliveryapp\EdgeToEdgeHelper.java","3272","7/1/2026 8:25:56 AM"
"E:\final-year-project\AutoDeliveryApp-local\app\src\main\java\com\example\autodeliveryapp\FCMNotificationService.java","4962","7/1/2026 10:26:33 AM"
"E:\final-year-project\AutoDeliveryApp-local\app\src\main\java\com\example\autodeliveryapp\ForgotPasswordActivity.java","2662","7/1/2026 8:25:56 AM"
"E:\final-year-project\AutoDeliveryApp-local\app\src\main\java\com\example\autodeliveryapp\HistoryActivity.java","5732","7/1/2026 8:26:38 AM"
"E:\final-year-project\AutoDeliveryApp-local\app\src\main\java\com\example\autodeliveryapp\LoginActivity.java","12030","7/1/2026 10:26:34 AM"
"E:\final-year-project\AutoDeliveryApp-local\app\src\main\java\com\example\autodeliveryapp\MainActivity.java","7940","7/1/2026 8:26:38 AM"
"E:\final-year-project\AutoDeliveryApp-local\app\src\main\java\com\example\autodeliveryapp\NotificationActivity.java","4330","7/1/2026 8:24:21 AM"
"E:\final-year-project\AutoDeliveryApp-local\app\src\main\java\com\example\autodeliveryapp\ProfileActivity.java","3178","7/1/2026 8:26:38 AM"
"E:\final-year-project\AutoDeliveryApp-local\app\src\main\java\com\example\autodeliveryapp\RegisterActivity.java","6438","7/1/2026 8:25:56 AM"
"E:\final-year-project\AutoDeliveryApp-local\app\src\main\java\com\example\autodeliveryapp\TrackingActivity.java","20993","7/1/2026 10:20:10 AM"
"E:\final-year-project\AutoDeliveryApp-local\app\src\main\java\com\example\autodeliveryapp\adapters\ActiveTaskAdapter.java","3130","7/1/2026 8:25:56 AM"
"E:\final-year-project\AutoDeliveryApp-local\app\src\main\java\com\example\autodeliveryapp\adapters\HistoryAdapter.java","2639","7/1/2026 8:23:32 AM"
"E:\final-year-project\AutoDeliveryApp-local\app\src\main\java\com\example\autodeliveryapp\adapters\NotificationAdapter.java","5008","7/1/2026 8:23:32 AM"
"E:\final-year-project\AutoDeliveryApp-local\app\src\main\java\com\example\autodeliveryapp\data\HistoryItem.java","749","7/1/2026 8:23:32 AM"
"E:\final-year-project\AutoDeliveryApp-local\app\src\main\java\com\example\autodeliveryapp\data\NotificationItem.java","1888","7/1/2026 8:25:56 AM"
"E:\final-year-project\AutoDeliveryApp-local\app\src\main\java\com\example\autodeliveryapp\model\RobotAck.java","279","7/1/2026 8:23:32 AM"
"E:\final-year-project\AutoDeliveryApp-local\app\src\main\java\com\example\autodeliveryapp\model\RobotCommand.java","503","7/1/2026 8:23:32 AM"
"E:\final-year-project\AutoDeliveryApp-local\app\src\main\java\com\example\autodeliveryapp\model\RobotStatusMessage.java","293","7/1/2026 8:23:32 AM"
"E:\final-year-project\AutoDeliveryApp-local\app\src\main\java\com\example\autodeliveryapp\model\RobotTelemetry.java","382","7/1/2026 8:23:32 AM"
"E:\final-year-project\AutoDeliveryApp-local\app\src\main\java\com\example\autodeliveryapp\mqtt\MqttConfig.java","901","7/1/2026 8:23:32 AM"
"E:\final-year-project\AutoDeliveryApp-local\app\src\main\java\com\example\autodeliveryapp\mqtt\MqttFirebaseBridge.java","8987","7/1/2026 8:23:32 AM"
"E:\final-year-project\AutoDeliveryApp-local\app\src\main\java\com\example\autodeliveryapp\mqtt\MqttListener.java","608","7/1/2026 8:23:32 AM"
"E:\final-year-project\AutoDeliveryApp-local\app\src\main\java\com\example\autodeliveryapp\mqtt\MqttManager.java","8447","7/1/2026 8:23:32 AM"
"E:\final-year-project\AutoDeliveryApp-local\app\src\main\java\com\example\autodeliveryapp\mqtt\MqttPayloadParser.java","4913","7/1/2026 8:23:32 AM"
"E:\final-year-project\AutoDeliveryApp-local\app\src\main\java\com\example\autodeliveryapp\mqtt\MqttTopics.java","1416","7/1/2026 8:23:32 AM"
"E:\final-year-project\AutoDeliveryApp-local\app\src\main\java\com\example\autodeliveryapp\utils\NotificationUtils.java","4613","7/1/2026 10:20:10 AM"
"E:\final-year-project\AutoDeliveryApp-local\app\src\main\java\com\example\autodeliveryapp\utils\PhoneUtils.java","1698","7/1/2026 8:25:56 AM"
"E:\final-year-project\AutoDeliveryApp-local\app\src\main\java\com\example\autodeliveryapp\utils\SlotUtils.java","1938","7/1/2026 8:25:56 AM"
"E:\final-year-project\AutoDeliveryApp-local\app\src\main\java\com\example\autodeliveryapp\utils\TaskStatus.java","745","7/1/2026 8:25:56 AM"
"E:\final-year-project\AutoDeliveryApp-local\app\src\main\res\color\bottom_nav_color.xml","247","3/24/2026 2:03:08 PM"
"E:\final-year-project\AutoDeliveryApp-local\app\src\main\res\drawable\bg_bottom_sheet_rounded.xml","277","6/26/2026 1:52:47 AM"
"E:\final-year-project\AutoDeliveryApp-local\app\src\main\res\drawable\bg_button_green.xml","205","5/27/2026 10:55:27 PM"
"E:\final-year-project\AutoDeliveryApp-local\app\src\main\res\drawable\bg_card_outlined.xml","267","5/27/2026 10:55:29 PM"
"E:\final-year-project\AutoDeliveryApp-local\app\src\main\res\drawable\bg_tag_blue.xml","188","5/25/2026 4:43:37 PM"
"E:\final-year-project\AutoDeliveryApp-local\app\src\main\res\drawable\bg_tag_green.xml","191","3/24/2026 2:06:54 PM"
"E:\final-year-project\AutoDeliveryApp-local\app\src\main\res\drawable\bg_tag_orange.xml","191","3/24/2026 2:07:24 PM"
"E:\final-year-project\AutoDeliveryApp-local\app\src\main\res\drawable\bg_tag_red.xml","204","3/24/2026 2:07:43 PM"
"E:\final-year-project\AutoDeliveryApp-local\app\src\main\res\drawable\ic_back.xml","318","3/24/2026 2:06:02 PM"
"E:\final-year-project\AutoDeliveryApp-local\app\src\main\res\drawable\ic_nav_history.xml","481","3/24/2026 2:05:15 PM"
"E:\final-year-project\AutoDeliveryApp-local\app\src\main\res\drawable\ic_nav_home.xml","291","3/24/2026 2:04:53 PM"
"E:\final-year-project\AutoDeliveryApp-local\app\src\main\res\drawable\ic_nav_notification.xml","439","3/24/2026 2:05:32 PM"
"E:\final-year-project\AutoDeliveryApp-local\app\src\main\res\drawable\ic_nav_profile.xml","381","3/24/2026 2:05:46 PM"
"E:\final-year-project\AutoDeliveryApp-local\app\src\main\res\layout\activity_create_task.xml","13763","7/1/2026 10:45:04 AM"
"E:\final-year-project\AutoDeliveryApp-local\app\src\main\res\layout\activity_forgot_password.xml","4334","7/1/2026 10:15:14 AM"
"E:\final-year-project\AutoDeliveryApp-local\app\src\main\res\layout\activity_history.xml","2174","7/1/2026 12:42:09 AM"
"E:\final-year-project\AutoDeliveryApp-local\app\src\main\res\layout\activity_login.xml","4645","7/1/2026 10:15:14 AM"
"E:\final-year-project\AutoDeliveryApp-local\app\src\main\res\layout\activity_main.xml","9653","7/1/2026 10:15:14 AM"
"E:\final-year-project\AutoDeliveryApp-local\app\src\main\res\layout\activity_notification.xml","2551","7/1/2026 12:42:09 AM"
"E:\final-year-project\AutoDeliveryApp-local\app\src\main\res\layout\activity_profile.xml","7372","7/1/2026 10:45:21 AM"
"E:\final-year-project\AutoDeliveryApp-local\app\src\main\res\layout\activity_register.xml","5656","7/1/2026 12:42:09 AM"
"E:\final-year-project\AutoDeliveryApp-local\app\src\main\res\layout\activity_tracking.xml","14424","7/1/2026 10:15:14 AM"
"E:\final-year-project\AutoDeliveryApp-local\app\src\main\res\layout\item_active_task.xml","3116","7/1/2026 10:15:14 AM"
"E:\final-year-project\AutoDeliveryApp-local\app\src\main\res\layout\item_history.xml","3336","7/1/2026 8:25:56 AM"
"E:\final-year-project\AutoDeliveryApp-local\app\src\main\res\layout\item_notification.xml","2340","7/1/2026 10:15:14 AM"
"E:\final-year-project\AutoDeliveryApp-local\app\src\main\res\menu\bottom_nav_menu.xml","622","6/30/2026 11:29:59 PM"
"E:\final-year-project\AutoDeliveryApp-local\app\src\main\res\mipmap-hdpi\ic_launcher.webp","1404","2/24/2026 7:24:53 AM"
"E:\final-year-project\AutoDeliveryApp-local\app\src\main\res\mipmap-hdpi\ic_launcher_round.webp","2898","2/24/2026 7:24:53 AM"
"E:\final-year-project\AutoDeliveryApp-local\app\src\main\res\values\colors.xml","776","3/24/2026 2:01:49 PM"
"E:\final-year-project\AutoDeliveryApp-local\app\src\main\res\values\strings.xml","4711","7/1/2026 10:45:35 AM"
"E:\final-year-project\AutoDeliveryApp-local\app\src\main\res\values\themes.xml","407","3/24/2026 2:01:56 PM"
"E:\final-year-project\AutoDeliveryApp-local\app\src\main\res\values-night\themes.xml","415","3/3/2026 11:26:58 AM"
"E:\final-year-project\AutoDeliveryApp-local\app\src\main\res\xml\backup_rules.xml","478","2/24/2026 7:24:54 AM"
"E:\final-year-project\AutoDeliveryApp-local\app\src\main\res\xml\data_extraction_rules.xml","551","2/24/2026 7:24:54 AM"
"E:\final-year-project\AutoDeliveryApp-local\app\src\test\java\com\example\autodeliveryapp\ExampleUnitTest.java","388","2/24/2026 7:24:54 AM"
"E:\final-year-project\AutoDeliveryApp-local\build\reports\problems\problems-report.html","128078","7/1/2026 10:47:32 AM"
"E:\final-year-project\AutoDeliveryApp-local\docs\CLEANUP_CANDIDATES_REPORT.md","2027","7/1/2026 12:42:49 AM"
"E:\final-year-project\AutoDeliveryApp-local\docs\FCM_CLOUD_FUNCTIONS_PLAN.md","442","7/1/2026 8:27:11 AM"
"E:\final-year-project\AutoDeliveryApp-local\docs\FEATURE_COMPLETION_MATRIX.csv","851","6/28/2026 11:27:32 PM"
"E:\final-year-project\AutoDeliveryApp-local\docs\FIREBASE_RULES_REQUIRED.md","697","7/1/2026 8:27:09 AM"
"E:\final-year-project\AutoDeliveryApp-local\docs\FULL_PROJECT_AUDIT_AND_FLOW_REPORT.md","941","7/1/2026 8:26:55 AM"
"E:\final-year-project\AutoDeliveryApp-local\docs\MQTT_INTEGRATION_REPORT.md","647","7/1/2026 8:27:07 AM"
"E:\final-year-project\AutoDeliveryApp-local\docs\MQTT_ROBOT_SIMULATOR_GUIDE.md","593","7/1/2026 8:27:22 AM"
"E:\final-year-project\AutoDeliveryApp-local\docs\PROJECT_FILES.csv","4838457","6/24/2026 9:47:58 AM"
"E:\final-year-project\AutoDeliveryApp-local\docs\PROJECT_STATUS_REPORT.md","1292","7/1/2026 10:46:06 AM"
"E:\final-year-project\AutoDeliveryApp-local\gradle\gradle-daemon-jvm.properties","1138","2/24/2026 7:24:55 AM"
"E:\final-year-project\AutoDeliveryApp-local\gradle\libs.versions.toml","1928","5/13/2026 3:50:29 AM"
"E:\final-year-project\AutoDeliveryApp-local\gradle\wrapper\gradle-wrapper.jar","45457","2/24/2026 7:24:52 AM"
"E:\final-year-project\AutoDeliveryApp-local\gradle\wrapper\gradle-wrapper.properties","378","5/13/2026 3:50:29 AM"
"E:\final-year-project\AutoDeliveryApp-local\logs\2026-05-20T14_14_44_109Z-debug-0.log","485797","5/20/2026 9:15:35 PM"
"E:\final-year-project\AutoDeliveryApp-local\logs\2026-05-20T14_16_47_114Z-debug-0.log","4341","5/20/2026 9:16:49 PM"
"E:\final-year-project\AutoDeliveryApp-local\logs\2026-05-20T14_17_59_217Z-debug-0.log","1235","5/20/2026 9:18:00 PM"
"E:\final-year-project\AutoDeliveryApp-local\logs\2026-05-20T14_18_11_246Z-debug-0.log","1249","5/20/2026 9:18:12 PM"
"E:\final-year-project\AutoDeliveryApp-local\logs\2026-05-20T14_18_34_196Z-debug-0.log","1709","5/20/2026 9:18:37 PM"
"E:\final-year-project\AutoDeliveryApp-local\logs\2026-05-20T14_18_52_424Z-debug-0.log","1275","5/20/2026 9:18:53 PM"
"E:\final-year-project\AutoDeliveryApp-local\logs\2026-05-20T15_02_44_503Z-debug-0.log","1275","5/20/2026 10:02:45 PM"
"E:\final-year-project\AutoDeliveryApp-local\logs\audit_cleanup.txt","790","7/1/2026 1:48:04 AM"
"E:\final-year-project\AutoDeliveryApp-local\logs\audit_firebase.txt","51372","7/1/2026 1:48:04 AM"
"E:\final-year-project\AutoDeliveryApp-local\logs\audit_lang.txt","9166","7/1/2026 1:48:04 AM"
"E:\final-year-project\AutoDeliveryApp-local\logs\audit_mqtt.txt","96412","7/1/2026 1:48:04 AM"
"E:\final-year-project\AutoDeliveryApp-local\logs\audit_package.txt","1898","7/1/2026 1:48:04 AM"
"E:\final-year-project\AutoDeliveryApp-local\logs\audit_strings.txt","18560","7/1/2026 1:48:04 AM"
"E:\final-year-project\AutoDeliveryApp-local\logs\AutoDeliveryApp_runtime_full_20260626_003924.log","17415032","6/26/2026 12:46:21 AM"
"E:\final-year-project\AutoDeliveryApp-local\logs\build_after_edge_to_edge_component7.log","6118","6/26/2026 2:15:39 AM"
"E:\final-year-project\AutoDeliveryApp-local\logs\build_after_feature2A_receiver_info.log","6108","6/27/2026 2:33:05 AM"
"E:\final-year-project\AutoDeliveryApp-local\logs\build_after_feature2B_robot_slots_ui.log","6108","6/27/2026 2:34:05 AM"
"E:\final-year-project\AutoDeliveryApp-local\logs\build_after_feature2C_slot_transaction.log","4896","6/27/2026 2:35:11 AM"
"E:\final-year-project\AutoDeliveryApp-local\logs\build_after_feature2D_recipient_mapping.log","4898","6/27/2026 2:36:19 AM"
"E:\final-year-project\AutoDeliveryApp-local\logs\build_after_feature_completion_audit.log","4980","6/28/2026 8:22:19 PM"
"E:\final-year-project\AutoDeliveryApp-local\logs\build_after_feature_completion_fix_pass.log","4980","6/28/2026 9:43:42 PM"
"E:\final-year-project\AutoDeliveryApp-local\logs\build_after_final_cleanup_verification.log","5326","7/1/2026 10:28:15 AM"
"E:\final-year-project\AutoDeliveryApp-local\logs\build_after_final_comment_xml_string_cleanup.log","6126","7/1/2026 10:47:32 AM"
"E:\final-year-project\AutoDeliveryApp-local\logs\build_after_final_english_cleanup_fix.log","5090","7/1/2026 10:27:42 AM"
"E:\final-year-project\AutoDeliveryApp-local\logs\build_after_fix_receiver_notification_flow.log","4564","6/27/2026 2:50:36 AM"
"E:\final-year-project\AutoDeliveryApp-local\logs\build_after_full_english_cleanup.log","6428","7/1/2026 8:26:21 AM"
"E:\final-year-project\AutoDeliveryApp-local\logs\build_after_full_feature_completion_audit.log","4732","6/28/2026 8:14:14 PM"
"E:\final-year-project\AutoDeliveryApp-local\logs\build_after_full_system_report_sync.log","4144","6/28/2026 11:26:26 PM"
"E:\final-year-project\AutoDeliveryApp-local\logs\build_after_language_profile_log_cleanup_final.log","4980","7/1/2026 12:09:21 AM"
"E:\final-year-project\AutoDeliveryApp-local\logs\build_after_language_switch_fix.log","5926","7/1/2026 12:42:31 AM"
"E:\final-year-project\AutoDeliveryApp-local\logs\build_after_language_switch_fix_cleanup_report_final.log","4980","7/1/2026 12:43:28 AM"
"E:\final-year-project\AutoDeliveryApp-local\logs\build_after_mqtt_integration_final.log","4766","6/30/2026 10:36:10 PM"
"E:\final-year-project\AutoDeliveryApp-local\logs\build_after_opus_partial.log","6080","6/26/2026 2:14:22 AM"
"E:\final-year-project\AutoDeliveryApp-local\logs\build_after_phase1_mqtt_dependency_config.log","4588","6/30/2026 9:58:13 PM"
"E:\final-year-project\AutoDeliveryApp-local\logs\build_after_phase2_mqtt_core.log","4674","6/30/2026 10:04:33 PM"
"E:\final-year-project\AutoDeliveryApp-local\logs\build_after_phase2_remove_payment.log","6096","6/27/2026 1:50:18 AM"
"E:\final-year-project\AutoDeliveryApp-local\logs\build_after_phase3_mqtt_firebase_bridge.log","4674","6/30/2026 10:11:12 PM"
"E:\final-year-project\AutoDeliveryApp-local\logs\build_after_phase4_real_notification.log","6108","6/27/2026 1:54:15 AM"
"E:\final-year-project\AutoDeliveryApp-local\logs\build_after_phase4_tracking_mqtt.log","5882","6/30/2026 10:15:04 PM"
"E:\final-year-project\AutoDeliveryApp-local\logs\build_after_phase5_create_task_publish_command.log","4674","6/30/2026 10:22:30 PM"
"E:\final-year-project\AutoDeliveryApp-local\logs\build_after_phaseA_english_normalization.log","6108","7/1/2026 12:03:29 AM"
"E:\final-year-project\AutoDeliveryApp-local\logs\build_after_phaseA_phone_normalization.log","2450","6/28/2026 9:18:45 PM"
"E:\final-year-project\AutoDeliveryApp-local\logs\build_after_phaseB_profile_language_switch.log","6108","7/1/2026 12:06:46 AM"
"E:\final-year-project\AutoDeliveryApp-local\logs\build_after_phaseB_receiver_notification_tracking.log","2450","6/28/2026 9:19:37 PM"
"E:\final-year-project\AutoDeliveryApp-local\logs\build_after_phaseC_slot_lifecycle.log","3113","6/28/2026 9:20:52 PM"
"E:\final-year-project\AutoDeliveryApp-local\logs\build_after_phaseD_status_notifications.log","2450","6/28/2026 9:23:22 PM"
"E:\final-year-project\AutoDeliveryApp-local\logs\build_after_phase_1.log","4722","6/27/2026 1:45:52 AM"
"E:\final-year-project\AutoDeliveryApp-local\logs\build_after_phase_5_3.log","6244","6/27/2026 1:43:42 AM"
"E:\final-year-project\AutoDeliveryApp-local\logs\build_after_project_status_report_merge.log","4884","6/30/2026 10:24:00 AM"
"E:\final-year-project\AutoDeliveryApp-local\logs\build_after_remaining_work_gate.log","4980","6/27/2026 2:25:35 AM"
"E:\final-year-project\AutoDeliveryApp-local\logs\build_after_remove_language_switch.log","6646","7/1/2026 8:23:53 AM"
"E:\final-year-project\AutoDeliveryApp-local\logs\build_audit_current_state.log","2394","7/1/2026 1:48:04 AM"
"E:\final-year-project\AutoDeliveryApp-local\logs\build_before_english_mqtt_fix_pass.log","5326","6/30/2026 11:26:59 PM"
"E:\final-year-project\AutoDeliveryApp-local\logs\build_before_english_single_language_cleanup.log","5176","7/1/2026 8:19:45 AM"
"E:\final-year-project\AutoDeliveryApp-local\logs\build_before_final_english_cleanup_fix.log","6670","7/1/2026 10:07:00 AM"
"E:\final-year-project\AutoDeliveryApp-local\logs\build_before_language_pass.log","4980","6/30/2026 11:55:36 PM"
"E:\final-year-project\AutoDeliveryApp-local\logs\build_before_language_switch_fix.log","4830","7/1/2026 12:39:25 AM"
"E:\final-year-project\AutoDeliveryApp-local\logs\build_before_mqtt_fix_pass.log","4128","6/30/2026 11:08:39 PM"
"E:\final-year-project\AutoDeliveryApp-local\logs\build_before_mqtt_integration.log","4760","6/30/2026 10:33:42 PM"
"E:\final-year-project\AutoDeliveryApp-local\logs\cleanup_candidates_after_final_fix.txt","0","7/1/2026 10:27:59 AM"
"E:\final-year-project\AutoDeliveryApp-local\logs\hs_err_pid22280.log","353284","5/21/2026 11:56:50 PM"
"E:\final-year-project\AutoDeliveryApp-local\logs\replay_pid22280.log","3173634","5/21/2026 11:56:52 PM"
